day_id,price
1,35.86
2,33.88
3,38.72
4,28.48
5,24.25
6,12.86
7,1.1
8,22.56
9,24.81
10,27.21
11,25.37
12,33.08
13,31.5
14,26.99
15,42.58
16,47.04
17,44.99
18,43.82
19,42.37
20,29.78
21,28.28
22,37.5
23,32.94
24,28.18
25,26.24
26,38.24
27,29.81
28,29.23
29,42.38
30,45.53
31,48.28
32,44.04
33,39.3
34,26.91
35,12.44
36,27.55
37,44.18
38,48.32
39,48.38
40,38.7
41,32.67
42,29.43
43,35.53
44,42.94
45,43.2
46,38.14
47,30.78
48,30.34
49,33.52
50,31.68
51,34.64
52,44.28
53,37.3
54,38.86
55,29.51
56,10.75
57,26.74
58,27.21
59,26.14
60,36.37
61,39.94
62,28.68
63,22.48
64,38.93
65,37.9
66,34.85
67,39.46
68,36.67
69,31.95
70,27.55
71,30.84
72,31.93
73,36.43
74,37.23
75,35.3
76,30.97
77,25.98
78,41.2
79,48.28
80,39.54
81,40.73
82,33.69
83,27.06
84,11.84
85,16.05
86,17.85
87,19.1
88,32.25
89,23.71
90,27.98
91,25.4
92,25.84
93,36.37
94,41.98
95,42.37
96,35.53
97,23.55
98,-0.8
99,21.17
100,32.57
101,26.96
102,34.29
103,37.29
104,26.86
105,23.27
106,32.69
107,30.41
108,35.7
109,34.71
110,33.41
111,26.61
112,22.97
113,35.04
114,37.13
115,32.37
116,34.98
117,23.21
118,26.11
119,17.13
120,30.85
121,26.77
122,26.0
123,27.87
124,29.88
125,17.28
126,2.39
127,29.24
128,29.36
129,26.4
130,20.21
131,30.58
132,20.49
133,12.27
134,30.08
135,28.75
136,34.77
137,33.99
138,31.19
139,24.42
140,19.72
141,23.52
142,33.2
143,31.96
144,30.49
145,31.12
146,21.55
147,15.3
148,31.44
149,22.03
150,27.75
151,28.93
152,29.61
153,23.63
154,18.01
155,30.64
156,33.78
157,32.43
158,35.76
159,35.2
160,26.51
161,18.49
162,31.9
163,37.47
164,31.36
165,32.57
166,32.4
167,28.08
168,23.47
169,33.25
170,31.87
171,30.59
172,36.47
173,36.27
174,29.38
175,20.99
176,36.12
177,35.55
178,33.58
179,33.9
180,44.76
181,33.62
182,28.28
183,37.05
184,49.02
185,29.57
186,28.7
187,32.14
188,33.21
189,27.9
190,40.98
191,41.61
192,47.73
193,45.59
194,38.05
195,37.64
196,29.84
197,41.77
198,45.6
199,46.7
200,47.18
201,45.5
202,15.83
203,11.04
204,31.11
205,24.56
206,27.4
207,24.5
208,30.52
209,22.4
210,17.29
211,28.93
212,33.2
213,34.81
214,34.44
215,34.22
216,28.29
217,26.99
218,34.31
219,38.79
220,37.59
221,34.21
222,30.47
223,32.38
224,30.07
225,40.45
226,37.58
227,39.46
228,37.35
229,31.91
230,27.52
231,16.87
232,30.91
233,26.0
234,29.31
235,30.89
236,41.0
237,30.04
238,26.6
239,35.5
240,39.14
241,37.62
242,40.76
243,33.02
244,19.74
245,1.51
246,32.52
247,35.47
248,34.53
249,33.75
250,33.47
251,30.63
252,25.97
253,33.91
254,28.25
255,33.93
256,27.7
257,36.47
258,30.54
259,21.88
260,36.72
261,33.44
262,43.25
263,32.02
264,35.38
265,32.94
266,26.01
267,34.47
268,34.37
269,37.02
270,39.02
271,37.98
272,28.85
273,31.18
274,39.3
275,37.23
276,40.48
277,47.14
278,44.34
279,33.64
280,21.91
281,34.84
282,42.15
283,44.7
284,39.85
285,47.34
286,40.46
287,37.48
288,50.72
289,48.4
290,41.7
291,37.21
292,37.78
293,32.81
294,33.67
295,39.52
296,40.37
297,42.2
298,49.64
299,43.2
300,35.73
301,31.57
302,39.96
303,41.65
304,42.31
305,43.97
306,36.67
307,29.45
308,20.64
309,28.68
310,28.84
311,35.08
312,36.45
313,32.09
314,20.69
315,23.83
316,30.51
317,31.72
318,20.44
319,24.85
320,38.17
321,29.74
322,26.02
323,49.43
324,35.21
325,41.73
326,51.27
327,36.77
328,27.87
329,10.81
330,25.28
331,35.67
332,36.4
333,42.53
334,30.73
335,23.5
336,17.56
337,40.61
338,34.73
339,34.95
340,29.46
341,26.4
342,25.82
343,27.1
344,41.94
345,42.61
346,36.97
347,32.47
348,32.64
349,26.87
350,17.33
351,24.98
352,16.97
353,19.51
354,17.27
355,13.3
356,6.79
357,15.53
358,30.81
359,30.96
360,26.86
361,21.92
362,24.95
363,18.14
364,14.15
365,27.47
366,33.39
367,33.61
368,33.4
369,26.97
370,28.9
371,20.56
372,33.62
373,29.45
374,29.16
375,33.59
376,35.4
377,28.32
378,27.57
379,38.87
380,48.2
381,48.73
382,52.18
383,33.29
384,28.28
385,26.32
386,28.34
387,25.51
388,19.2
389,25.8
390,22.65
391,12.05
392,12.05
393,21.25
394,16.57
395,22.87
396,26.36
397,27.86
398,16.3
399,9.77
400,13.64
401,16.15
402,24.33
403,25.72
404,28.59
405,22.94
406,15.37
407,24.53
408,32.37
409,26.09
410,27.86
411,27.36
412,14.19
413,8.92
414,19.19
415,24.52
416,23.95
417,27.88
418,27.83
419,23.0
420,18.34
421,23.94
422,25.0
423,24.05
424,28.19
425,24.88
426,23.13
427,21.33
428,29.42
429,28.36
430,25.75
431,26.16
432,27.92
433,27.81
434,22.93
435,27.45
436,27.15
437,25.41
438,27.63
439,25.24
440,24.55
441,17.88
442,25.3
443,28.42
444,26.44
445,27.78
446,25.45
447,20.09
448,10.23
449,1.52
450,22.07
451,27.19
452,27.94
453,27.6
454,21.5
455,17.69
456,27.14
457,26.87
458,22.62
459,22.82
460,28.35
461,24.14
462,19.31
463,23.59
464,28.36
465,28.54
466,26.74
467,25.24
468,18.89
469,18.51
470,23.93
471,20.54
472,23.91
473,26.59
474,25.75
475,22.6
476,15.55
477,26.49
478,26.99
479,26.09
480,29.9
481,25.65
482,24.52
483,18.63
484,27.83
485,28.27
486,27.36
487,19.45
488,22.54
489,14.77
490,-12.89
491,21.56
492,27.03
493,25.07
494,25.3
495,27.36
496,12.85
497,7.4
498,20.79
499,30.3
500,30.63
501,33.36
502,27.66
503,21.82
504,5.65
505,29.23
506,29.41
507,30.52
508,27.55
509,28.67
510,23.72
511,13.47
512,24.81
513,28.67
514,30.47
515,28.78
516,29.08
517,25.15
518,20.32
519,30.52
520,29.12
521,29.08
522,30.68
523,26.19
524,26.38
525,22.42
526,29.3
527,30.14
528,30.58
529,30.58
530,28.04
531,21.98
532,17.4
533,26.96
534,33.09
535,32.45
536,29.41
537,30.58
538,27.98
539,16.33
540,27.77
541,33.08
542,27.33
543,29.63
544,27.11
545,21.06
546,14.24
547,30.83
548,26.98
549,16.21
550,29.58
551,28.66
552,20.47
553,15.29
554,25.23
555,29.87
556,32.58
557,25.2
558,26.0
559,24.84
560,21.49
561,29.83
562,32.43
563,29.44
564,32.78
565,31.74
566,29.56
567,27.09
568,33.22
569,32.94
570,33.52
571,31.62
572,30.06
573,27.7
574,25.28
575,29.73
576,32.55
577,29.27
578,27.89
579,31.55
580,24.57
581,15.4
582,21.27
583,28.77
584,28.15
585,28.84
586,28.02
587,18.81
588,21.75
589,27.98
590,29.66
591,29.78
592,30.59
593,30.73
594,24.87
595,15.09
596,28.34
597,31.38
598,29.77
599,28.8
600,29.44
601,26.23
602,21.71
603,28.95
604,32.11
605,30.67
606,31.26
607,30.55
608,29.49
609,24.44
610,36.78
611,33.09
612,30.77
613,30.97
614,32.32
615,28.4
616,27.25
617,33.13
618,31.93
619,29.09
620,27.97
621,32.45
622,27.6
623,24.74
624,34.79
625,34.53
626,35.02
627,32.59
628,31.1
629,29.36
630,23.07
631,36.49
632,34.9
633,24.59
634,22.44
635,33.72
636,33.13
637,30.02
638,30.58
639,30.33
640,29.68
641,31.19
642,38.39
643,36.08
644,33.29
645,50.19
646,38.31
647,36.87
648,34.07
649,29.7
650,31.06
651,33.7
652,41.94
653,40.03
654,40.41
655,40.51
656,39.58
657,37.75
658,34.71
659,41.92
660,52.86
661,45.17
662,39.6
663,35.96
664,34.38
665,36.71
666,43.06
667,34.75
668,33.03
669,45.6
670,40.35
671,38.86
672,35.46
673,38.01
674,54.25
675,48.3
676,51.78
677,47.66
678,39.82
679,37.04
680,39.86
681,40.14
682,43.03
683,33.96
684,24.17
685,31.56
686,-0.32
687,33.83
688,38.34
689,45.39
690,39.73
691,42.73
692,38.64
693,31.12
694,40.78
695,42.81
696,36.01
697,27.63
698,38.61
699,40.99
700,38.26
701,48.85
702,58.33
703,37.93
704,30.42
705,35.85
706,32.2
707,28.98
708,47.45
709,49.2
710,60.06
711,49.85
712,53.06
713,46.79
714,43.69
715,57.41
716,48.82
717,40.05
718,45.23
719,38.17
720,8.45
721,-2.7
722,-12.25
723,4.48
724,41.3
725,46.44
726,41.99
727,36.28
728,29.38
729,46.25
730,38.63
731,27.05
732,49.96
733,49.55
734,38.52
735,42.64
736,55.92
737,54.61
738,35.92
739,34.18
740,39.8
741,33.33
742,35.62
743,80.28
744,85.37
745,69.74
746,66.86
747,62.88
748,48.26
749,41.36
750,75.64
751,101.92
752,86.01
753,48.97
754,43.79
755,42.39
756,37.65
757,51.92
758,69.18
759,51.3
760,44.88
761,48.15
762,45.3
763,43.51
764,61.79
765,53.42
766,59.66
767,57.92
768,44.86
769,38.55
770,33.13
771,42.33
772,42.98
773,47.32
774,40.62
775,43.02
776,40.19
777,28.42
778,31.2
779,32.68
780,24.14
781,25.6
782,28.75
783,29.73
784,13.57
785,28.95
786,29.68
787,35.63
788,27.35
789,38.27
790,33.85
791,17.84
792,38.84
793,44.5
794,36.41
795,38.22
796,33.56
797,32.95
798,18.76
799,36.31
800,34.56
801,33.67
802,34.42
803,28.49
804,19.67
805,13.57
806,29.06
807,30.47
808,35.5
809,34.17
810,34.29
811,28.35
812,27.92
813,34.96
814,34.48
815,31.22
816,33.62
817,31.64
818,30.38
819,29.55
820,37.71
821,38.65
822,32.69
823,29.99
824,33.83
825,34.48
826,28.23
827,27.37
828,33.51
829,27.68
830,29.27
831,30.29
832,14.6
833,18.57
834,25.3
835,34.3
836,37.03
837,37.18
838,27.69
839,12.27
840,11.16
841,31.11
842,36.2
843,39.91
844,36.79
845,36.87
846,30.23
847,-6.74
848,-24.27
849,28.87
850,34.49
851,32.78
852,38.05
853,32.78
854,28.05
855,33.51
856,39.76
857,38.83
858,33.93
859,35.62
860,31.99
861,28.03
862,36.43
863,34.23
864,32.52
865,32.74
866,34.47
867,26.47
868,18.78
869,36.05
870,33.47
871,32.22
872,27.9
873,32.52
874,27.02
875,20.36
876,36.91
877,36.84
878,32.96
879,36.26
880,36.45
881,30.5
882,22.76
883,27.96
884,21.53
885,13.31
886,28.79
887,33.38
888,31.03
889,20.91
890,24.69
891,32.75
892,37.42
893,32.19
894,20.2
895,24.47
896,28.75
897,38.08
898,35.56
899,39.53
900,35.57
901,29.95
902,22.15
903,18.63
904,33.03
905,38.85
906,35.28
907,38.08
908,31.99
909,28.44
910,24.18
911,32.42
912,34.89
913,38.84
914,39.36
915,37.32
916,34.4
917,33.13
918,40.05
919,36.58
920,34.64
921,33.87
922,36.81
923,32.5
924,30.42
925,37.45
926,37.66
927,35.91
928,37.23
929,35.93
930,33.32
931,28.77
932,39.34
933,34.14
934,32.8
935,33.74
936,31.36
937,20.43
938,5.15
939,32.21
940,34.74
941,33.05
942,28.07
943,24.56
944,27.99
945,19.53
946,33.26
947,31.29
948,30.27
949,35.51
950,37.73
951,21.68
952,20.14
953,33.08
954,26.63
955,35.89
956,33.48
957,33.68
958,14.72
959,8.7
960,29.3
961,37.22
962,36.57
963,35.65
964,37.85
965,34.33
966,30.45
967,38.66
968,37.62
969,36.19
970,38.46
971,38.8
972,33.93
973,30.83
974,36.55
975,37.66
976,31.87
977,33.4
978,27.24
979,32.15
980,22.97
981,21.47
982,29.43
983,13.61
984,22.69
985,35.03
986,37.03
987,33.39
988,42.07
989,41.33
990,39.15
991,39.26
992,40.07
993,36.24
994,34.95
995,42.36
996,40.44
997,40.88
998,40.3
999,39.72
1000,35.62
1001,29.81
1002,18.31
1003,24.48
1004,28.61
1005,18.03
1006,27.25
1007,7.55
1008,23.45
1009,42.39
1010,37.32
1011,34.26
1012,25.38
1013,39.55
1014,31.5
1015,30.75
1016,38.55
1017,37.54
1018,52.55
1019,46.35
1020,37.76
1021,34.24
1022,21.85
1023,41.42
1024,38.13
1025,33.77
1026,40.43
1027,30.45
1028,-9.3
1029,-52.11
1030,31.94
1031,36.96
1032,30.9
1033,34.07
1034,50.44
1035,34.53
1036,30.41
1037,51.02
1038,52.54
1039,67.25
1040,51.53
1041,31.52
1042,23.24
1043,33.25
1044,45.73
1045,40.18
1046,64.67
1047,47.55
1048,42.89
1049,19.76
1050,9.42
1051,38.48
1052,49.3
1053,31.72
1054,23.36
1055,42.73
1056,40.03
1057,18.81
1058,29.21
1059,37.42
1060,71.5
1061,67.57
1062,61.03
1063,40.27
1064,33.31
1065,34.88
1066,35.91
1067,31.25
1068,34.14
1069,30.66
1070,15.73
1071,17.48
1072,41.67
1073,34.35
1074,26.88
1075,31.01
1076,46.26
1077,37.44
1078,35.33
1079,55.42
1080,60.67
1081,61.83
1082,43.04
1083,39.49
1084,11.25
1085,-11.78
1086,6.8
1087,-4.59
1088,35.17
1089,32.48
1090,20.87
1091,12.89
1092,2.6
1093,-25.3
1094,33.44
1095,8.97
1096,29.86
1097,31.51
1098,36.6
1099,23.39
1100,30.5
1101,30.26
1102,41.33
1103,47.73
1104,41.88
1105,33.78
1106,28.64
1107,26.57
1108,27.22
1109,29.04
1110,30.32
1111,40.48
1112,35.87
1113,34.61
1114,37.9
1115,37.28
1116,23.88
1117,32.97
1118,45.15
1119,32.81
1120,5.11
1121,16.49
1122,35.81
1123,29.22
1124,33.98
1125,40.48
1126,40.28
1127,33.56
1128,45.11
1129,47.12
1130,47.23
1131,49.86
1132,40.8
1133,39.38
1134,11.48
1135,32.82
1136,39.6
1137,39.86
1138,34.16
1139,40.39
1140,40.69
1141,36.58
1142,50.3
1143,49.05
1144,46.75
1145,47.42
1146,44.27
1147,23.93
1148,35.12
1149,46.7
1150,48.61
1151,37.7
1152,30.02
1153,40.42
1154,34.49
1155,31.33
1156,49.06
1157,49.92
1158,48.38
1159,37.53
1160,37.08
1161,34.76
1162,28.72
1163,41.22
1164,39.86
1165,46.78
1166,24.63
1167,29.32
1168,3.98
1169,1.79
1170,49.12
1171,42.94
1172,51.83
1173,43.59
1174,52.89
1175,41.4
1176,37.73
1177,52.82
1178,45.07
1179,40.53
1180,38.09
1181,29.39
1182,23.59
1183,24.17
1184,27.61
1185,34.42
1186,36.53
1187,32.56
1188,35.2
1189,16.48
1190,22.98
1191,42.61
1192,36.03
1193,31.52
1194,29.84
1195,38.53
1196,35.3
1197,31.65
1198,46.63
1199,43.8
1200,41.06
1201,39.84
1202,38.63
1203,30.0
1204,18.59
1205,32.56
1206,34.32
1207,27.29
1208,30.45
1209,39.64
1210,29.09
1211,21.39
1212,12.95
1213,-5.7
1214,39.95
1215,39.99
1216,40.51
1217,28.41
1218,19.68
1219,34.4
1220,27.47
1221,36.62
1222,25.23
1223,42.2
1224,32.5
1225,16.65
1226,34.7
1227,42.43
1228,41.6
1229,35.39
1230,39.11
1231,36.36
1232,16.68
1233,5.66
1234,42.76
1235,42.33
1236,38.95
1237,40.36
1238,37.08
1239,32.88
1240,43.8
1241,42.91
1242,46.68
1243,42.25
1244,51.3
1245,40.22
1246,32.49
1247,46.84
1248,51.01
1249,49.69
1250,49.61
1251,49.4
1252,42.47
1253,39.33
1254,48.53
1255,49.73
1256,48.15
1257,43.65
1258,49.45
1259,40.21
1260,24.34
1261,44.37
1262,46.52
1263,46.8
1264,30.24
1265,20.73
1266,23.89
1267,31.93
1268,45.2
1269,49.27
1270,47.49
1271,44.89
1272,44.32
1273,40.66
1274,28.92
1275,48.07
1276,49.76
1277,53.21
1278,51.81
1279,47.81
1280,32.89
1281,34.26
1282,46.6
1283,52.95
1284,52.5
1285,53.31
1286,50.83
1287,48.18
1288,45.87
1289,53.8
1290,52.14
1291,49.75
1292,51.65
1293,53.54
1294,50.17
1295,46.25
1296,55.02
1297,56.64
1298,58.41
1299,55.07
1300,53.63
1301,46.4
1302,44.87
1303,55.19
1304,56.33
1305,56.32
1306,59.48
1307,62.72
1308,51.12
1309,50.48
1310,62.69
1311,64.68
1312,56.11
1313,55.06
1314,44.94
1315,44.52
1316,42.65
1317,55.99
1318,55.06
1319,53.45
1320,56.04
1321,57.95
1322,53.77
1323,49.77
1324,57.22
1325,66.45
1326,65.4
1327,63.87
1328,57.6
1329,53.65
1330,48.5
1331,45.57
1332,66.07
1333,62.87
1334,57.4
1335,64.48
1336,59.76
1337,52.94
1338,63.55
1339,66.58
1340,66.64
1341,65.33
1342,62.43
1343,50.11
1344,49.16
1345,64.31
1346,57.8
1347,63.78
1348,71.52
1349,64.84
1350,51.79
1351,47.34
1352,62.41
1353,57.96
1354,57.6
1355,58.06
1356,40.8
1357,25.41
1358,44.15
1359,38.88
1360,62.34
1361,45.38
1362,53.89
1363,51.97
1364,46.49
1365,41.74
1366,61.24
1367,42.34
1368,18.29
1369,65.15
1370,60.3
1371,57.91
1372,54.92
1373,63.88
1374,71.57
1375,62.17
1376,54.35
1377,56.77
1378,44.88
1379,28.09
1380,59.45
1381,72.0
1382,70.91
1383,63.16
1384,67.61
1385,59.38
1386,55.51
1387,56.13
1388,34.62
1389,44.57
1390,48.74
1391,58.53
1392,48.12
1393,43.46
1394,43.97
1395,33.67
1396,45.14
1397,47.91
1398,54.77
1399,52.04
1400,47.47
1401,57.19
1402,58.55
1403,56.01
1404,62.87
1405,59.51
1406,43.07
1407,39.73
1408,54.9
1409,53.11
1410,61.87
1411,63.48
1412,57.77
1413,48.21
1414,47.6
1415,48.22
1416,46.65
1417,55.36
1418,77.8
1419,80.33
1420,61.95
1421,53.85
1422,73.67
1423,75.51
1424,52.99
1425,50.4
1426,57.5
1427,46.86
1428,30.2
1429,44.62
1430,50.65
1431,59.21
1432,54.75
1433,42.58
1434,11.87
1435,8.92
1436,36.16
1437,55.37
1438,69.91
1439,66.24
1440,71.16
1441,54.41
1442,49.71
1443,69.39
1444,59.45
1445,56.44
1446,56.69
1447,49.62
1448,36.62
1449,42.67
1450,46.83
1451,19.01
1452,47.4
1453,60.01
1454,59.8
1455,47.34
1456,33.53
1457,54.69
1458,-4.3
1459,25.92
1460,57.72
1461,49.91
1462,42.18
1463,54.55
1464,51.81
1465,34.5
1466,40.0
1467,67.67
1468,49.92
1469,40.8
1470,15.1
1471,32.61
1472,45.45
1473,45.2
1474,42.84
1475,61.73
1476,55.39
1477,53.89
1478,69.9
1479,63.0
1480,75.08
1481,85.8
1482,66.5
1483,49.09
1484,35.44
1485,50.4
1486,60.19
1487,53.07
1488,59.84
1489,55.48
1490,50.19
1491,46.72
1492,44.05
1493,53.79
1494,51.32
1495,44.55
1496,41.62
1497,6.81
1498,28.03
1499,31.97
1500,46.74
1501,45.38
1502,49.09
1503,47.62
1504,39.22
1505,39.05
1506,46.4
1507,41.31
1508,45.6
1509,43.23
1510,47.2
1511,40.14
1512,39.99
1513,44.41
1514,44.6
1515,44.21
1516,40.26
1517,45.85
1518,41.25
1519,10.22
1520,13.31
1521,31.34
1522,34.77
1523,29.02
1524,26.39
1525,7.98
1526,17.51
1527,38.67
1528,36.59
1529,18.05
1530,32.54
1531,25.21
1532,17.22
1533,0.43
1534,31.92
1535,45.34
1536,41.5
1537,39.79
1538,40.57
1539,35.61
1540,33.46
1541,32.29
1542,36.5
1543,40.19
1544,42.32
1545,39.85
1546,35.04
1547,28.63
1548,38.01
1549,33.85
1550,42.24
1551,42.02
1552,42.28
1553,38.33
1554,37.98
1555,44.4
1556,41.99
1557,42.82
1558,44.74
1559,44.9
1560,41.42
1561,37.25
1562,41.83
1563,41.62
1564,40.81
1565,40.84
1566,33.84
1567,34.52
1568,31.6
1569,-14.01
1570,14.75
1571,34.7
1572,39.31
1573,43.54
1574,31.99
1575,35.09
1576,43.15
1577,42.87
1578,25.47
1579,37.94
1580,40.7
1581,39.51
1582,30.49
1583,44.29
1584,50.47
1585,39.47
1586,45.25
1587,44.79
1588,37.61
1589,19.42
1590,39.23
1591,41.01
1592,40.85
1593,39.73
1594,42.95
1595,37.19
1596,35.36
1597,46.29
1598,43.29
1599,40.09
1600,40.67
1601,40.46
1602,36.68
1603,21.6
1604,35.35
1605,43.33
1606,41.76
1607,16.09
1608,35.81
1609,29.96
1610,21.87
1611,36.9
1612,38.99
1613,37.93
1614,36.48
1615,37.61
1616,-42.24
1617,22.5
1618,31.37
1619,44.67
1620,44.0
1621,38.51
1622,41.62
1623,30.58
1624,31.15
1625,41.66
1626,42.28
1627,41.2
1628,36.39
1629,38.69
1630,31.63
1631,20.92
1632,34.47
1633,40.52
1634,38.56
1635,35.47
1636,43.45
1637,33.25
1638,15.13
1639,32.96
1640,33.35
1641,34.66
1642,33.98
1643,35.26
1644,29.76
1645,24.66
1646,35.69
1647,37.39
1648,41.47
1649,45.91
1650,45.24
1651,37.24
1652,35.61
1653,41.56
1654,42.89
1655,45.88
1656,43.93
1657,44.81
1658,35.09
1659,31.53
1660,42.62
1661,46.6
1662,50.64
1663,50.23
1664,44.5
1665,36.16
1666,32.09
1667,45.5
1668,44.53
1669,48.46
1670,44.66
1671,43.7
1672,36.37
1673,35.15
1674,46.28
1675,42.06
1676,40.87
1677,34.72
1678,38.69
1679,12.44
1680,14.35
1681,41.24
1682,38.04
1683,38.77
1684,30.5
1685,35.69
1686,26.22
1687,27.69
1688,34.43
1689,39.8
1690,41.68
1691,36.31
1692,37.32
1693,32.29
1694,30.64
1695,45.66
1696,46.42
1697,50.83
1698,44.49
1699,41.34
1700,33.66
1701,30.11
1702,39.18
1703,35.4
1704,34.0
1705,31.72
1706,32.45
1707,35.94
1708,36.87
1709,45.51
1710,36.82
1711,33.93
1712,37.78
1713,39.02
1714,36.2
1715,23.76
1716,47.15
1717,33.87
1718,36.48
1719,43.78
1720,42.7
1721,34.65
1722,29.64
1723,44.13
1724,47.45
1725,46.74
1726,41.57
1727,38.44
1728,24.1
1729,11.06
1730,22.1
1731,42.55
1732,40.86
1733,40.07
1734,43.68
1735,36.89
1736,31.99
1737,44.63
1738,34.86
1739,35.2
1740,30.46
1741,25.97
1742,19.73
1743,22.14
1744,35.56
1745,43.63
1746,39.46
1747,43.77
1748,35.35
1749,33.09
1750,34.83
1751,43.72
1752,46.83
1753,43.51
1754,38.61
1755,36.11
1756,20.21
1757,20.76
1758,42.44
1759,48.11
1760,48.02
1761,42.63
1762,32.27
1763,27.48
1764,26.69
1765,38.7
1766,42.7
1767,51.79
1768,42.72
1769,47.12
1770,41.69
1771,40.97
1772,41.11
1773,42.2
1774,47.08
1775,45.32
1776,37.9
1777,38.1
1778,36.82
1779,41.36
1780,46.49
1781,53.25
1782,50.09
1783,43.58
1784,30.58
1785,33.47
1786,51.12
1787,47.36
1788,39.5
1789,30.49
1790,40.08
1791,42.01
1792,42.45
1793,46.18
1794,51.36
1795,47.94
1796,41.82
1797,31.1
1798,24.91
1799,-16.38
1800,23.37
1801,40.17
1802,38.12
1803,44.62
1804,36.53
1805,23.23
1806,12.68
1807,40.84
1808,36.72
1809,40.2
1810,34.65
1811,29.41
1812,28.11
1813,26.48
1814,24.5
1815,20.52
1816,27.25
1817,33.63
1818,37.82
1819,34.29
1820,30.17
1821,25.57
1822,32.74
1823,34.96
1824,38.87
1825,26.11
1826,20.32
1827,35.55
1828,38.13
1829,40.52
1830,33.58
1831,36.25
1832,34.8
1833,31.86
1834,22.64
1835,37.68
1836,23.36
1837,24.96
1838,38.17
1839,36.89
1840,31.85
1841,33.89
1842,44.53
1843,41.6
1844,45.9
1845,51.54
1846,50.24
1847,40.35
1848,33.89
1849,37.49
1850,31.61
1851,33.22
1852,32.82
1853,22.48
1854,6.84
1855,16.99
1856,27.66
1857,27.88
1858,36.2
1859,36.92
1860,36.69
1861,28.05
1862,1.57
1863,7.88
1864,11.62
1865,19.46
1866,37.59
1867,36.03
1868,20.44
1869,-8.27
1870,18.25
1871,21.87
1872,30.91
1873,28.68
1874,24.33
1875,-1.51
1876,6.95
1877,28.49
1878,24.1
1879,31.67
1880,38.44
1881,31.04
1882,8.91
1883,7.14
1884,33.18
1885,36.25
1886,39.61
1887,36.07
1888,30.48
1889,29.09
1890,17.11
1891,37.11
1892,23.25
1893,22.69
1894,12.24
1895,16.54
1896,30.27
1897,4.65
1898,31.19
1899,28.18
1900,26.42
1901,28.69
1902,25.14
1903,10.74
1904,-0.95
1905,16.98
1906,20.45
1907,23.06
1908,22.23
1909,21.55
1910,14.24
1911,4.22
1912,23.32
1913,25.17
1914,23.36
1915,19.95
1916,22.53
1917,20.15
1918,2.68
1919,17.34
1920,23.54
1921,26.51
1922,23.51
1923,23.14
1924,20.86
1925,12.45
1926,-15.97
1927,19.9
1928,20.17
1929,25.32
1930,27.77
1931,20.23
1932,7.41
1933,2.44
1934,-16.15
1935,7.88
1936,27.76
1937,20.65
1938,16.86
1939,18.89
1940,25.5
1941,25.06
1942,23.05
1943,20.0
1944,6.53
1945,12.47
1946,14.06
1947,26.38
1948,21.72
1949,21.49
1950,23.83
1951,23.78
1952,21.98
1953,12.58
1954,14.07
1955,22.27
1956,29.76
1957,22.79
1958,21.08
1959,16.96
1960,9.46
1961,19.74
1962,23.69
1963,32.05
1964,19.58
1965,18.83
1966,10.26
1967,-26.13
1968,18.63
1969,27.43
1970,22.9
1971,20.41
1972,22.69
1973,12.54
1974,1.66
1975,6.07
1976,28.34
1977,28.84
1978,26.55
1979,24.3
1980,6.69
1981,17.64
1982,31.37
1983,36.68
1984,31.36
1985,24.06
1986,20.72
1987,19.84
1988,18.51
1989,31.05
1990,34.12
1991,37.24
1992,31.8
1993,29.85
1994,24.08
1995,19.5
1996,29.58
1997,32.74
1998,35.57
1999,34.45
2000,34.8
2001,26.83
2002,17.11
2003,27.48
2004,18.35
2005,32.39
2006,38.91
2007,34.93
2008,15.4
2009,-15.34
2010,14.28
2011,31.9
2012,41.21
2013,42.42
2014,36.62
2015,28.6
2016,24.77
2017,34.18
2018,36.76
2019,41.71
2020,44.45
2021,37.58
2022,29.01
2023,27.78
2024,32.96
2025,31.71
2026,34.35
2027,35.69
2028,31.15
2029,25.52
2030,12.61
2031,32.53
2032,22.97
2033,20.75
2034,35.62
2035,38.51
2036,28.31
2037,28.19
2038,36.72
2039,36.39
2040,29.61
2041,33.28
2042,35.98
2043,32.04
2044,28.53
2045,36.98
2046,36.3
2047,35.86
2048,38.59
2049,40.83
2050,31.86
2051,28.68
2052,40.36
2053,42.39
2054,38.23
2055,38.11
2056,31.81
2057,23.83
2058,16.33
2059,44.72
2060,38.46
2061,17.89
2062,46.31
2063,40.7
2064,35.64
2065,33.82
2066,54.04
2067,49.81
2068,49.82
2069,40.54
2070,38.32
2071,33.41
2072,34.83
2073,43.54
2074,37.6
2075,36.63
2076,47.34
2077,47.81
2078,31.87
2079,20.19
2080,53.11
2081,70.2
2082,53.41
2083,46.4
2084,42.13
2085,36.54
2086,37.52
2087,61.1
2088,53.31
2089,46.43
2090,38.18
2091,41.37
2092,33.13
2093,30.03
2094,47.26
2095,58.62
2096,50.25
2097,41.02
2098,35.68
2099,16.46
2100,7.11
2101,32.09
2102,34.45
2103,36.62
2104,29.83
2105,39.97
2106,31.23
2107,32.18
2108,46.9
2109,45.23
2110,35.67
2111,40.94
2112,46.94
2113,40.76
2114,30.56
2115,44.64
2116,35.22
2117,32.61
2118,32.39
2119,44.78
2120,30.58
2121,13.38
2122,38.27
2123,34.61
2124,29.94
2125,32.65
2126,30.19
2127,31.02
2128,16.95
2129,23.4
2130,35.74
2131,40.01
2132,38.66
2133,40.54
2134,36.23
2135,36.66
2136,44.88
2137,48.15
2138,45.06
2139,40.96
2140,40.73
2141,36.48
2142,7.3
2143,28.49
2144,38.89
2145,36.36
2146,26.39
2147,43.26
2148,30.3
2149,29.97
2150,43.63
2151,42.03
2152,46.87
2153,56.55
2154,64.73
2155,46.88
2156,45.28
2157,52.22
2158,53.71
2159,73.99
2160,48.0
2161,41.78
2162,46.39
2163,42.75
2164,44.73
2165,61.08
2166,75.03
2167,69.39
2168,45.8
2169,45.72
2170,43.17
2171,42.99
2172,50.4
2173,50.06
2174,44.58
2175,42.51
2176,32.52
2177,40.0
2178,38.78
2179,27.69
2180,43.9
2181,24.33
2182,34.92
2183,19.15
2184,-13.45
2185,39.21
2186,46.21
2187,47.07
2188,46.7
2189,48.4
2190,50.56
2191,38.62
2192,48.02
2193,55.34
2194,52.68
2195,70.93
2196,78.34
2197,59.32
2198,52.16
2199,48.15
2200,46.1
2201,42.47
2202,70.58
2203,72.89
2204,55.85
2205,54.0
2206,55.95
2207,44.95
2208,36.28
2209,30.07
2210,42.53
2211,51.72
2212,49.17
2213,60.84
2214,61.37
2215,57.99
2216,55.31
2217,49.68
2218,48.48
2219,48.23
2220,57.47
2221,54.62
2222,44.53
2223,52.04
2224,51.39
2225,36.38
2226,19.38
2227,43.52
2228,64.32
2229,72.21
2230,79.3
2231,62.13
2232,53.22
2233,45.89
2234,50.75
2235,52.43
2236,49.66
2237,45.4
2238,47.71
2239,34.05
2240,32.92
2241,49.9
2242,45.58
2243,38.13
2244,46.16
2245,47.63
2246,44.94
2247,42.07
2248,49.76
2249,53.5
2250,51.91
2251,54.08
2252,53.6
2253,44.71
2254,44.82
2255,61.61
2256,60.92
2257,50.82
2258,27.43
2259,22.29
2260,11.93
2261,15.75
2262,49.28
2263,56.01
2264,57.65
2265,64.86
2266,56.45
2267,51.34
2268,35.42
2269,60.48
2270,62.33
2271,55.54
2272,58.85
2273,51.37
2274,24.69
2275,18.25
2276,40.81
2277,55.73
2278,58.72
2279,52.29
2280,36.5
2281,39.56
2282,27.69
2283,-17.0
2284,35.38
2285,50.32
2286,57.58
2287,53.92
2288,58.81
2289,48.69
2290,62.72
2291,57.52
2292,69.49
2293,66.98
2294,63.04
2295,61.2
2296,62.63
2297,75.67
2298,75.77
2299,59.88
2300,45.9
2301,61.73
2302,52.91
2303,37.48
2304,61.92
2305,59.51
2306,61.72
2307,59.44
2308,69.15
2309,56.68
2310,43.81
2311,62.43
2312,30.26
2313,31.81
2314,64.97
2315,71.3
2316,50.74
2317,3.62
2318,57.46
2319,72.17
2320,68.75
2321,62.74
2322,71.8
2323,60.2
2324,39.87
2325,73.7
2326,74.18
2327,77.71
2328,69.99
2329,31.34
2330,-7.04
2331,21.15
2332,31.65
2333,59.78
2334,65.61
2335,71.77
2336,73.6
2337,56.49
2338,37.85
2339,67.46
2340,68.25
2341,66.69
2342,61.96
2343,71.8
2344,62.56
2345,59.44
2346,77.34
2347,76.92
2348,76.74
2349,78.83
2350,78.1
2351,39.18
2352,19.4
2353,74.22
2354,82.61
2355,85.0
2356,77.51
2357,80.12
2358,70.1
2359,58.43
2360,77.63
2361,84.59
2362,92.84
2363,94.83
2364,89.73
2365,79.88
2366,64.96
2367,88.73
2368,91.65
2369,92.38
2370,89.39
2371,96.58
2372,83.6
2373,82.96
2374,93.84
2375,80.68
2376,99.11
2377,109.04
2378,91.42
2379,80.45
2380,77.74
2381,93.45
2382,95.02
2383,87.39
2384,89.74
2385,84.96
2386,61.69
2387,45.78
2388,89.21
2389,91.69
2390,89.99
2391,87.56
2392,88.8
2393,75.76
2394,60.71
2395,88.5
2396,87.22
2397,79.42
2398,46.1
2399,64.81
2400,29.82
2401,58.54
2402,80.1
2403,96.51
2404,98.17
2405,94.51
2406,71.6
2407,61.51
2408,5.63
2409,67.59
2410,90.77
2411,100.76
2412,106.54
2413,94.9
2414,63.37
2415,61.94
2416,67.6
2417,57.39
2418,78.64
2419,91.62
2420,102.18
2421,91.46
2422,78.05
2423,93.88
2424,95.4
2425,84.31
2426,92.62
2427,95.91
2428,84.72
2429,80.74
2430,106.57
2431,110.05
2432,111.86
2433,118.19
2434,110.53
2435,106.88
2436,97.63
2437,127.82
2438,127.98
2439,124.78
2440,130.23
2441,138.29
2442,129.02
2443,105.22
2444,141.32
2445,143.24
2446,168.21
2447,158.94
2448,156.96
2449,133.76
2450,94.1
2451,150.7
2452,149.89
2453,145.98
2454,73.16
2455,108.98
2456,127.59
2457,125.72
2458,143.22
2459,155.09
2460,133.31
2461,112.57
2462,100.33
2463,104.06
2464,40.96
2465,158.12
2466,159.73
2467,184.12
2468,302.53
2469,203.89
2470,139.49
2471,144.34
2472,167.84
2473,167.43
2474,188.24
2475,167.81
2476,116.65
2477,156.78
2478,142.16
2479,189.72
2480,153.46
2481,60.11
2482,61.5
2483,71.87
2484,139.38
2485,99.41
2486,173.65
2487,178.02
2488,143.84
2489,153.54
2490,112.97
2491,84.15
2492,61.45
2493,95.49
2494,204.11
2495,193.14
2496,172.11
2497,160.09
2498,76.76
2499,35.41
2500,177.41
2501,163.14
2502,176.26
2503,190.43
2504,166.9
2505,156.9
2506,169.3
2507,227.96
2508,237.47
2509,180.6
2510,139.9
2511,131.63
2512,110.22
2513,144.84
2514,233.17
2515,241.87
2516,273.89
2517,243.35
2518,188.38
2519,202.9
2520,201.17
2521,265.96
2522,123.84
2523,91.0
2524,195.04
2525,149.97
2526,196.26
2527,157.71
2528,265.39
2529,216.19
2530,184.06
2531,277.88
2532,239.78
2533,237.35
2534,183.12
2535,264.66
2536,295.82
2537,295.2
2538,344.3
2539,338.14
2540,259.51
2541,119.67
2542,331.37
2543,431.97
2544,416.72
2545,300.73
2546,196.21
2547,198.29
2548,172.46
2549,148.83
2550,104.23
2551,155.6
2552,73.26
2553,12.13
2554,82.58
2555,47.35
2556,76.11
2557,153.92
2558,107.87
2559,194.1
2560,167.18
2561,165.9
2562,146.56
2563,261.55
2564,255.41
2565,233.32
2566,180.16
2567,178.76
2568,216.0
2569,133.1
2570,129.31
2571,235.87
2572,172.18
2573,117.7
2574,159.27
2575,175.76
2576,193.69
2577,245.94
2578,297.29
2579,234.98
2580,120.71
2581,174.35
2582,92.13
2583,55.3
2584,195.2
2585,150.25
2586,140.22
2587,193.56
2588,132.37
2589,88.89
2590,52.78
2591,84.68
2592,137.81
2593,165.89
2594,192.82
2595,184.58
2596,143.05
2597,83.58
2598,102.22
2599,155.0
2600,117.38
2601,68.64
2602,117.63
2603,39.62
2604,67.28
2605,75.42
2606,123.24
2607,130.09
2608,123.39
2609,119.96
2610,225.43
2611,182.41
2612,208.3
2613,241.4
2614,278.78
2615,338.2
2616,358.78
2617,344.4
2618,340.8
2619,410.1
2620,487.57
2621,446.25
2622,279.15
2623,80.44
2624,124.25
2625,115.1
2626,281.44
2627,300.54
2628,245.3
2629,225.41
2630,228.9
2631,130.95
2632,49.04
2633,205.75
2634,236.49
2635,236.53
2636,238.0
2637,244.38
2638,189.55
2639,200.59
2640,221.57
2641,250.18
2642,271.03
2643,209.19
2644,160.13
2645,166.4
2646,172.89
2647,75.33
2648,183.02
2649,121.33
2650,74.15
2651,120.87
2652,59.83
2653,74.65
2654,223.62
2655,184.59
2656,222.52
2657,227.71
2658,192.96
2659,149.22
2660,108.82
2661,120.23
2662,213.0
2663,203.25
2664,199.5
2665,172.49
2666,93.31
2667,108.54
2668,223.46
2669,238.47
2670,222.21
2671,230.15
2672,228.02
2673,201.27
2674,194.74
2675,219.02
2676,218.16
2677,231.29
2678,234.49
2679,225.36
2680,201.43
2681,171.82
2682,216.81
2683,183.32
2684,159.09
2685,169.12
2686,168.79
2687,152.97
2688,149.03
2689,211.58
2690,225.75
2691,206.97
2692,210.81
2693,209.23
2694,103.36
2695,166.03
2696,188.14
2697,162.95
2698,177.5
2699,67.93
2700,46.77
2701,36.85
2702,156.34
2703,225.99
2704,210.17
2705,215.29
2706,188.87
2707,184.55
2708,162.49
2709,141.58
2710,91.33
2711,183.88
2712,190.35
2713,185.49
2714,185.75
2715,134.7
2716,116.96
2717,165.56
2718,194.98
2719,211.83
2720,201.97
2721,255.43
2722,195.4
2723,154.65
2724,267.37
2725,288.59
2726,323.34
2727,295.08
2728,274.3
2729,240.39
2730,201.67
2731,316.65
2732,331.52
2733,315.54
2734,325.48
2735,314.38
2736,218.92
2737,200.11
2738,293.89
2739,318.37
2740,303.54
2741,213.22
2742,295.92
2743,148.14
2744,115.16
2745,372.59
2746,377.66
2747,352.16
2748,367.38
2749,329.92
2750,174.81
2751,221.86
2752,396.07
2753,397.09
2754,332.7
2755,396.73
2756,377.45
2757,324.99
2758,260.63
2759,309.81
2760,316.57
2761,424.49
2762,473.25
2763,438.65
2764,380.77
2765,317.79
2766,424.62
2767,380.51
2768,384.83
2769,414.16
2770,380.31
2771,273.81
2772,214.92
2773,359.55
2774,344.87
2775,335.08
2776,368.15
2777,436.8
2778,377.74
2779,330.46
2780,426.6
2781,490.79
2782,551.95
2783,563.76
2784,515.1
2785,457.97
2786,364.13
2787,563.81
2788,605.13
2789,624.34
2790,599.83
2791,699.44
2792,607.84
2793,401.03
2794,658.41
2795,660.24
2796,604.49
2797,571.2
2798,422.25
2799,287.75
2800,242.71
2801,357.45
2802,417.27
2803,462.47
2804,443.52
2805,345.7
2806,404.32
2807,391.49
2808,408.03
2809,392.37
2810,455.81
2811,369.37
2812,201.2
2813,68.77
2814,77.93
2815,261.68
2816,363.43
2817,379.94
2818,387.89
2819,368.33
2820,351.11
2821,276.5
2822,245.92
2823,310.21
2824,386.2
2825,417.14
2826,315.49
2827,82.82
2828,114.75
2829,209.35
2830,246.31
2831,103.19
2832,100.8
2833,163.89
2834,145.34
2835,146.72
2836,162.09
2837,259.87
2838,282.54
2839,257.46
2840,260.65
2841,156.63
2842,95.86
2843,152.61
2844,183.18
2845,168.45
2846,140.22
2847,163.45
2848,139.87
2849,95.75
2850,80.62
2851,105.4
2852,121.4
2853,124.69
2854,105.52
2855,101.06
2856,116.54
2857,145.22
2858,68.86
2859,71.97
2860,103.01
2861,178.54
2862,132.29
2863,51.09
2864,76.1
2865,95.15
2866,126.72
2867,137.25
2868,125.38
2869,162.25
2870,144.88
2871,160.8
2872,177.29
2873,143.76
2874,99.9
2875,171.03
2876,198.62
2877,210.28
2878,253.82
2879,203.88
2880,177.98
2881,237.46
2882,257.93
2883,239.17
2884,146.65
2885,291.64
2886,371.64
2887,393.7
2888,394.35
2889,339.2
2890,281.92
2891,268.5
2892,341.26
2893,386.44
2894,324.83
2895,387.53
2896,411.04
2897,354.64
2898,326.77
2899,433.93
2900,444.48
2901,443.88
2902,396.96
2903,411.31
2904,268.97
2905,189.76
2906,191.93
2907,185.82
2908,214.6
2909,192.64
2910,185.89
2911,111.87
2912,106.01
2913,40.53
2914,91.73
2915,45.9
2916,13.58
2917,14.63
2918,-0.79
2919,14.91
2920,123.82
2921,145.95
2922,58.94
2923,107.46
2924,117.47
2925,88.81
2926,68.94
2927,129.29
2928,123.13
2929,84.08
2930,70.74
2931,66.64
2932,29.34
2933,9.26
2934,128.75
2935,133.57
2936,143.76
2937,148.21
2938,180.66
2939,144.39
2940,151.15
2941,202.73
2942,202.69
2943,181.74
2944,167.67
2945,168.76
2946,144.7
2947,123.59
2948,74.21
2949,117.32
2950,93.08
2951,136.15
2952,102.61
2953,146.01
2954,131.37
2955,172.96
2956,172.92
2957,152.1
2958,132.54
2959,125.92
2960,106.27
2961,136.31
2962,163.5
2963,154.49
2964,143.52
2965,136.73
2966,81.15
2967,94.67
2968,114.05
2969,61.42
2970,122.45
2971,148.65
2972,146.12
2973,118.3
2974,89.29
2975,109.82
2976,152.27
2977,148.05
2978,142.97
2979,144.31
2980,136.76
2981,107.47
2982,121.79
2983,150.67
2984,106.87
2985,138.89
2986,127.2
2987,115.61
2988,98.61
2989,95.53
2990,37.14
2991,71.48
2992,127.72
2993,105.57
2994,92.35
2995,109.34
2996,111.99
2997,125.17
2998,115.05
2999,80.18
3000,74.71
3001,53.12
3002,14.67
3003,70.62
3004,92.32
3005,113.15
3006,116.54
3007,81.44
3008,97.59
3009,55.77
3010,67.33
3011,114.8
3012,132.07
3013,140.97
3014,124.28
3015,108.63
3016,116.89
3017,105.05
3018,39.97
3019,59.99
3020,107.69
3021,108.41
3022,128.8
3023,106.8
3024,110.1
3025,124.24
3026,108.23
3027,87.52
3028,111.71
3029,89.47
3030,84.47
3031,85.8
3032,104.6
3033,101.0
3034,110.72
3035,112.09
3036,106.0
3037,100.65
3038,68.29
3039,87.55
3040,106.1
3041,107.8
3042,97.5
3043,96.05
3044,89.52
3045,66.98
3046,96.37
3047,94.64
3048,107.89
3049,116.14
3050,100.51
3051,78.35
3052,72.0
3053,113.84
3054,79.3
3055,78.58
3056,86.73
3057,87.28
3058,46.81
3059,28.46
3060,97.33
3061,72.79
3062,102.27
3063,81.65
3064,69.98
3065,62.67
3066,26.55
3067,21.45
3068,87.74
3069,72.32
3070,72.9
3071,81.02
3072,56.37
3073,49.67
3074,90.76
3075,98.14
3076,100.93
3077,84.52
3078,86.68
3079,55.13
3080,40.75
3081,96.4
3082,90.03
3083,102.94
3084,120.31
3085,127.52
3086,104.54
3087,93.02
3088,116.97
3089,121.15
3090,123.47
3091,125.71
3092,106.41
3093,81.82
3094,75.48
3095,97.49
3096,101.95
3097,112.52
3098,118.08
3099,110.03
3100,66.41
3101,-53.87
3102,53.22
3103,85.12
3104,69.8
3105,107.2
3106,102.97
3107,82.19
3108,89.33
3109,113.99
3110,105.96
3111,87.51
3112,97.71
3113,96.97
3114,33.32
3115,14.53
3116,81.92
3117,106.46
3118,97.32
3119,96.51
3120,104.4
3121,76.73
3122,30.92
3123,90.53
3124,104.15
3125,95.24
3126,93.91
3127,95.92
3128,76.68
3129,31.75
3130,70.97
3131,79.43
3132,68.29
3133,45.41
3134,98.59
3135,90.31
3136,57.91
3137,19.44
3138,12.06
3139,88.35
3140,102.17
3141,100.44
3142,80.14
3143,65.21
3144,103.37
3145,93.56
3146,110.81
3147,111.36
3148,108.99
3149,84.79
3150,90.12
3151,121.11
3152,123.15
3153,146.55
3154,146.95
3155,116.26
3156,96.52
3157,101.9
3158,118.67
3159,122.9
3160,114.93
3161,104.3
3162,108.57
3163,95.13
3164,82.65
3165,108.45
3166,103.54
3167,105.62
3168,100.99
3169,108.23
3170,91.51
3171,85.3
3172,152.87
3173,131.45
3174,109.94
3175,120.47
3176,108.19
3177,95.2
3178,87.62
3179,95.3
3180,37.52
3181,49.46
3182,103.06
3183,103.98
3184,99.52
3185,68.82
3186,105.8
3187,128.77
3188,124.48
3189,112.52
3190,105.27
3191,91.5
3192,74.04
3193,118.15
3194,22.95
3195,69.49
3196,101.61
3197,71.6
3198,44.95
3199,90.64
3200,116.01
3201,112.39
3202,59.79
3203,122.71
3204,68.41
3205,26.53
3206,39.62
3207,133.7
3208,130.12
3209,98.44
3210,93.41
3211,87.24
3212,54.32
3213,63.95
3214,125.02
3215,117.99
3216,124.31
3217,121.35
3218,118.35
3219,83.37
3220,23.03
3221,92.89
3222,104.95
3223,62.89
3224,59.77
3225,56.57
3226,24.82
3227,29.91
3228,72.04
3229,99.75
3230,89.72
3231,97.22
3232,94.05
3233,96.79
3234,97.99
3235,94.89
3236,65.51
3237,102.41
3238,117.63
3239,121.34
3240,91.4
3241,38.2
3242,106.08
3243,123.3
3244,109.69
3245,61.64
3246,63.87
3247,94.6
3248,116.35
3249,114.51
3250,121.94
3251,140.02
3252,168.76
3253,156.4
3254,116.41
3255,104.72
3256,111.76
3257,114.39
3258,129.54
3259,116.6
3260,103.68
3261,78.41
3262,55.87
3263,79.05
3264,106.06
3265,93.04
3266,107.12
3267,93.24
3268,70.7
3269,50.72
3270,77.97
3271,76.29
3272,62.0
3273,25.28
3274,22.66
3275,30.74
3276,-3.37
3277,0.41
3278,16.62
3279,60.8
3280,16.67
3281,6.36
3282,34.06
3283,9.9
3284,16.18
3285,53.07
3286,45.21
3287,85.41
3288,91.37
3289,88.72
3290,86.33
3291,102.23
3292,109.39
3293,111.84
3294,109.65
3295,106.04
3296,74.57
3297,76.15
3298,86.5
3299,101.14
3300,99.61
3301,92.74
3302,78.51
3303,73.66
3304,50.26
3305,49.84
3306,52.28
3307,33.12
3308,78.02
3309,59.23
3310,68.35
3311,59.28
3312,81.03
3313,77.97
3314,76.0
3315,72.04
3316,61.66
3317,35.97
3318,14.78
3319,35.84
3320,45.29
3321,79.16
3322,88.7
3323,70.52
3324,72.13
3325,61.96
3326,74.75
3327,72.23
3328,68.16
3329,70.5
3330,61.06
3331,66.65
3332,53.18
3333,65.29
3334,63.22
3335,57.57
3336,50.92
3337,43.74
3338,57.2
3339,61.09
3340,66.27
3341,73.84
3342,71.82
3343,63.2
3344,71.01
3345,64.22
3346,60.47
3347,75.89
3348,74.6
3349,82.84
3350,76.32
3351,62.33
3352,45.61
3353,34.0
3354,71.67
3355,86.47
3356,72.46
3357,67.06
3358,55.9
3359,50.36
3360,61.81
3361,81.25
3362,81.57
3363,91.34
3364,81.39
3365,68.54
3366,37.58
3367,25.87
3368,84.56
3369,66.14
3370,76.3
3371,51.35
3372,37.76
3373,53.25
3374,55.45
3375,35.88
3376,33.35
3377,87.37
3378,64.53
3379,46.59
3380,29.74
3381,20.76
3382,84.87
3383,57.99
3384,69.91
3385,58.81
3386,60.95
3387,13.82
3388,16.75
3389,70.19
3390,56.26
3391,102.01
3392,95.82
3393,58.82
3394,58.24
3395,55.15
3396,98.53
3397,97.76
3398,94.3
3399,90.63
3400,86.44
3401,62.17
3402,12.99
3403,80.8
3404,69.38
3405,4.39
3406,36.42
3407,77.81
3408,75.15
3409,54.16
3410,93.18
3411,93.04
3412,91.82
3413,61.86
3414,75.99
3415,53.65
3416,1.78
3417,46.41
3418,27.68
3419,42.93
3420,49.56
3421,69.01
3422,55.8
3423,52.5
3424,64.98
3425,79.81
3426,85.84
3427,93.87
3428,102.19
3429,72.26
3430,57.93
3431,106.88
3432,90.75
3433,79.18
3434,97.45
3435,89.22
3436,58.95
3437,23.24
3438,117.14
3439,107.23
3440,81.72
3441,86.37
3442,83.15
3443,45.97
3444,27.26
3445,92.65
3446,61.63
3447,91.19
3448,94.78
3449,78.4
3450,7.64
3451,21.4
3452,94.34
3453,96.2
3454,84.31
3455,93.8
3456,97.14
3457,52.22
3458,50.05
3459,92.09
3460,75.6
3461,103.01
3462,91.79
3463,63.05
3464,70.55
3465,43.77
3466,91.89
3467,85.68
3468,87.62
3469,28.1
3470,36.99
3471,7.36
3472,21.65
3473,88.42
3474,77.69
3475,79.01
3476,91.27
3477,90.6
3478,28.69
3479,24.38
3480,77.67
3481,50.3
3482,76.38
3483,90.74
3484,85.9
3485,61.99
3486,54.33
3487,91.23
3488,79.51
3489,65.86
3490,79.28
3491,90.95
3492,80.83
3493,46.02
3494,71.62
3495,77.24
3496,79.4
3497,94.87
3498,93.81
3499,75.29
3500,62.09
3501,99.86
3502,86.98
3503,92.91
3504,93.15
3505,53.32
3506,49.85
3507,54.72
3508,92.06
3509,99.74
3510,108.01
3511,85.53
3512,108.04
3513,93.24
3514,88.24
3515,108.2
3516,92.11
3517,52.62
3518,63.04
3519,39.12
3520,49.81
3521,21.86
3522,99.59
3523,90.9
3524,95.92
3525,112.91
3526,106.64
3527,79.05
3528,61.65
3529,115.07
3530,158.39
3531,125.84
3532,64.42
3533,76.13
3534,79.42
3535,69.0
3536,99.73
3537,59.04
3538,80.94
3539,112.34
3540,90.81
3541,53.83
3542,62.13
3543,97.47
3544,88.89
3545,77.98
3546,77.87
3547,73.37
3548,70.02
3549,76.18
3550,121.36
3551,91.77
3552,75.14
3553,55.0
3554,14.76
3555,29.07
3556,58.35
3557,33.32
3558,67.84
3559,95.86
3560,72.66
3561,96.13
3562,85.93
3563,54.9
3564,83.72
3565,91.32
3566,83.07
3567,59.73
3568,95.2
3569,56.37
3570,8.11
3571,105.59
3572,95.0
3573,35.08
3574,71.52
3575,102.27
3576,85.52
3577,35.51
3578,83.04
3579,103.01
3580,112.0
3581,101.68
3582,112.72
3583,101.72
3584,90.33
3585,111.35
3586,141.18
3587,124.69
3588,105.79
3589,75.06
3590,106.76
3591,93.43
3592,125.87
3593,164.78
3594,231.09
3595,159.62
3596,113.39
3597,114.47
3598,114.17
3599,121.77
3600,166.12
3601,150.09
3602,122.02
3603,124.17
3604,94.36
3605,63.48
3606,104.59
3607,123.99
3608,115.03
3609,123.32
3610,111.3
3611,76.02
3612,3.97
3613,55.01
3614,112.75
3615,119.99
3616,96.07
3617,130.25
3618,104.24
3619,94.59
3620,109.15
3621,144.07
3622,182.47
3623,106.2
3624,86.37
3625,71.51
3626,99.07
3627,99.59
3628,149.93
3629,266.54
3630,395.34
3631,178.47
3632,101.23
3633,46.85
3634,48.67
3635,86.3
3636,54.97
3637,52.03
3638,76.37
3639,22.14
3640,22.93
3641,59.1
3642,102.49
3643,98.63
3644,112.89
3645,121.71
3646,122.64
3647,105.28
3648,78.16
3649,62.1
3650,0.95
3651,92.91
3652,89.94
3653,120.79
3654,72.24
3655,25.16
3656,58.29
3657,104.53
3658,121.53
3659,112.43
3660,101.89
3661,110.07
3662,129.2
3663,126.82
3664,222.18
3665,148.1
3666,146.32
3667,134.15
3668,128.72
3669,231.36
3670,168.46
3671,161.45
3672,103.94
3673,78.9
3674,99.33
3675,101.46
3676,60.17
3677,106.37
3678,108.13
3679,131.53
3680,141.02
3681,135.45
3682,137.13
3683,154.51
3684,142.42
3685,141.77
3686,150.09
3687,121.18
3688,108.81
3689,128.42
3690,121.84
3691,120.01
3692,154.32
3693,172.12
3694,179.14
3695,133.66
3696,132.65
3697,153.42
3698,132.45
3699,110.83
3700,94.95
3701,90.8
3702,70.32
3703,91.04
3704,91.05
3705,139.76
3706,135.7
3707,126.03
3708,128.77
3709,123.65
3710,91.12
3711,106.45
3712,107.77
3713,78.55
3714,89.82
3715,103.99
3716,90.69
3717,77.21
3718,112.86
3719,125.3
3720,124.87
3721,125.14
3722,121.23
3723,92.92
3724,72.03
3725,99.11
3726,90.14
3727,104.39
3728,108.3
3729,73.52
3730,14.96
3731,54.96
3732,129.88
3733,111.78
3734,114.53
3735,98.97
3736,88.34
3737,84.51
3738,11.68
