control_zone_id,month_id,biomass,hydropower,wind_offshore,wind_onshore,photovoltaics,other_renewable,lignite,hard_coal,fossil_gas,hydro_pumped_storage,other_conventional,nuclear
1,1,898545.5,105175.25,22958.5,3772374.75,127368.75,50329.25,5332528.5,781906.0,469100.75,330208.75,438700.5,0.0
1,2,787791.75,92597.25,16950.5,1963144.5,364299.5,38400.5,4960660.5,1198677.0,442670.75,296708.25,422461.5,0.0
1,3,845581.75,100359.75,20414.25,2660579.25,607004.5,31139.75,5541089.25,1204378.25,398073.25,362699.75,379006.0,0.0
1,4,801812.75,93864.75,16524.25,2063329.5,982141.25,21314.25,4660307.25,1145510.0,230788.0,344234.5,341545.0,0.0
1,5,834140.0,97652.75,30687.0,1694425.0,1105673.5,2878.75,4472579.25,947401.5,295857.75,364355.0,288822.5,0.0
1,6,767520.25,89863.75,48541.5,1357871.25,1065135.75,10136.5,4831070.0,1076854.5,209379.5,357499.0,306135.25,0.0
1,7,772392.25,90507.0,67288.0,2052028.5,1152517.0,13564.5,5184387.0,1215606.75,185280.25,316768.5,316391.5,0.0
1,8,771983.0,90474.25,71850.5,1268363.0,1098295.0,10693.5,5664239.5,871524.0,218077.25,325127.5,310561.75,0.0
1,9,802207.25,94263.25,88497.5,1795927.0,765675.5,16147.75,5479387.25,905493.5,148309.75,319411.0,365531.5,0.0
1,10,876646.25,102674.75,97969.0,1204603.0,470312.0,26725.75,5970335.25,1091978.25,293717.25,362748.5,403896.5,0.0
1,11,843837.75,98846.25,137591.0,3454339.75,231217.5,30368.25,4863518.75,747434.0,316997.25,345728.5,403629.5,0.0
1,12,920257.5,107724.75,188114.25,4050283.5,171074.25,36559.0,4592113.0,722087.25,363305.0,362258.25,423158.0,0.0
1,13,927894.0,108687.75,137207.25,2881454.75,150505.75,49612.5,5085948.25,1080944.0,529143.75,263639.5,445322.0,0.0
1,14,881820.75,103221.25,128574.5,3325589.5,323205.75,40716.25,4687459.0,1027777.0,437481.75,180211.25,420822.25,0.0
1,15,948360.25,111015.5,75026.75,1758044.5,580381.75,47431.0,5285109.5,1203916.5,424436.75,158529.0,439490.75,0.0
1,16,900674.75,105164.0,99065.25,1853695.0,996770.75,21997.5,4799766.0,1360701.25,233259.5,146565.0,333043.5,0.0
1,17,915347.25,107167.0,94538.5,1960161.75,1307789.5,13991.0,4583358.0,779332.0,161592.75,137767.25,337246.5,0.0
1,18,815720.25,96019.0,74278.0,984479.75,1276403.25,1116.0,4837639.0,760381.0,70460.75,124029.5,317772.5,0.0
1,19,833940.75,97561.5,66763.25,1567946.25,1165312.0,0.0,5461115.0,860345.5,61480.5,144174.75,326711.0,0.0
1,20,847938.25,99262.25,101457.25,1409952.25,1112436.25,0.0,4826817.25,1395954.25,69364.75,169868.0,356676.75,0.0
1,21,834380.0,98037.0,72379.0,1335784.25,938740.25,9752.5,4895854.0,1072709.75,153578.25,180207.5,334550.0,0.0
1,22,913327.25,107005.25,138708.25,1672232.0,326089.75,28654.0,5408634.5,1335786.0,309160.75,246907.5,406328.75,0.0
1,23,879128.0,102921.5,133547.0,2470622.25,247869.75,47451.75,5297905.75,1341756.0,460914.25,243127.75,426645.5,0.0
1,24,956282.0,111947.5,142320.25,3259079.75,181354.75,49537.0,5120838.0,1224162.5,529749.0,281998.0,441181.5,0.0
1,25,951563.5,111236.75,114548.0,2474392.5,166031.75,53767.75,5519069.5,1493647.75,618740.0,352308.5,456677.0,0.0
1,26,866659.25,101462.0,139912.75,2648783.25,327261.0,47057.75,4664948.0,1354335.5,517695.75,301962.0,411454.25,0.0
1,27,949118.25,111101.75,117772.5,2620852.25,763035.5,44409.75,5464904.25,1239587.0,435991.5,329743.0,444302.5,0.0
1,28,893085.5,104552.25,118168.5,2746130.75,951246.75,33867.25,4774437.0,885890.0,338017.0,310891.75,397398.0,0.0
1,29,886382.5,103767.25,103188.75,1679342.0,1276866.5,23743.5,4606936.25,1058095.75,227766.25,275584.5,382166.25,0.0
1,30,804467.75,94181.0,107464.5,2202441.25,1343993.5,386.5,4847832.0,928730.0,106083.25,288917.25,298106.25,0.0
1,31,831906.25,97602.5,79238.25,1587388.5,1234404.5,1379.75,5003815.25,1252494.25,125093.5,180428.75,315976.0,0.0
1,32,822528.5,96359.75,89079.5,1608550.75,1207662.5,13491.5,5131017.75,1081689.5,127670.25,179658.5,363499.75,0.0
1,33,769085.0,90056.25,103666.25,2019847.0,794784.75,11466.0,5325759.25,1184657.75,154698.0,205508.25,356791.25,0.0
1,34,811387.5,95217.0,167150.25,3805932.25,494468.75,27954.75,4982623.0,1013590.75,284212.5,265122.0,405475.25,0.0
1,35,843863.5,98790.0,130934.25,3173925.25,207221.0,48647.25,5448836.5,1386054.75,436268.5,271569.25,462377.25,0.0
1,36,895284.0,104806.25,169200.75,4708305.25,130424.5,45984.25,4853188.5,1022587.25,450393.5,54875.75,443866.5,0.0
1,37,909530.0,106483.25,162120.75,4370391.0,168657.75,47943.0,5084068.75,1012001.5,471919.5,318875.0,429724.25,0.0
1,38,803907.0,94112.5,141971.75,1720552.0,522952.5,49129.0,5210203.5,1487156.5,497080.5,257185.5,382706.5,0.0
1,39,774971.25,90717.25,200620.25,3112023.0,716107.75,52185.0,5340647.25,1264054.0,496766.5,301894.25,449504.5,0.0
1,40,706118.0,82652.25,199577.75,2598454.5,1306990.75,19598.75,5033853.75,902486.75,181748.5,302166.0,391139.25,0.0
1,41,840194.25,98356.5,129758.5,2093528.25,1710373.75,13614.75,5023377.5,939470.0,119873.25,286321.75,351910.0,0.0
1,42,797276.75,93338.75,132142.0,1700767.0,1451161.25,0.0,5609908.0,1160356.5,102631.25,203324.0,200171.25,0.0
1,43,732879.25,85793.75,97477.25,1324731.5,1729686.75,0.0,5614610.75,1123765.75,121911.0,171236.75,247907.75,0.0
1,44,790802.0,92581.5,155450.25,1755048.25,1435687.5,0.0,4935674.25,337190.75,123234.5,242777.75,555609.75,0.0
1,45,667900.25,78188.0,209440.5,2171831.75,1040469.0,0.0,4574758.75,926920.5,128009.25,308670.25,602261.5,0.0
1,46,746456.25,87385.75,237312.75,3398963.75,685652.75,0.0,5145928.0,1311919.5,221438.0,326372.0,682126.75,0.0
1,47,839137.75,98234.25,219893.5,2543414.75,296447.25,0.0,5522535.25,1464088.25,407431.5,283757.0,744780.5,0.0
1,48,785228.0,91929.25,430488.75,4322469.0,114705.5,0.0,4995688.5,1083546.0,443511.75,301309.75,761634.0,0.0
1,49,848365.25,99309.5,413631.5,4620624.75,207187.75,36150.0,5112347.75,1239884.0,504122.75,296557.25,703275.25,0.0
1,50,763139.25,89337.5,391354.25,3380964.5,526683.5,44816.75,4975688.5,934428.75,399281.5,239156.5,726494.25,0.0
1,51,820601.5,96068.0,484044.5,4864527.75,709493.5,40414.75,4250748.75,487853.25,330362.5,274950.75,660994.0,0.0
1,52,798434.25,93472.5,301172.75,2587913.25,1433616.75,27818.25,4631573.25,701523.0,243046.25,252797.0,538835.5,0.0
1,53,857466.0,100378.75,305181.5,2244164.0,1376455.5,17124.5,4745508.25,1246946.0,175998.5,211241.75,559343.75,0.0
1,54,822207.75,96257.75,263248.25,1734672.75,1792965.0,1675.25,4020776.75,927828.5,52698.0,220167.75,380254.0,0.0
1,55,706012.25,82656.0,295367.25,1812134.25,1478305.5,14967.75,4630015.25,929548.25,122934.75,206670.75,403224.0,0.0
1,56,654885.75,76661.0,168901.75,1432492.0,1439039.75,11170.0,4240394.0,554226.5,128449.75,226437.0,608073.0,0.0
1,57,532348.75,62318.25,386264.0,2576291.25,1025844.5,18212.25,4060195.25,461605.0,183502.25,267166.0,639060.5,0.0
1,58,743112.5,86989.75,346891.5,3051776.0,688191.5,30713.75,4046633.75,772500.75,258529.5,319489.0,660560.5,0.0
1,59,735673.75,86124.5,346942.75,2676455.0,288753.25,36656.5,4812617.0,1306214.25,327717.0,249620.5,647092.5,0.0
1,60,829825.75,97138.75,433524.25,4099507.25,227199.5,48037.25,4028646.0,625173.5,431175.75,318586.0,705694.25,0.0
1,61,828915.75,97037.75,551631.5,4474834.75,273073.25,52139.5,4017692.75,746890.25,1295557.5,396637.25,700709.25,0.0
1,62,789938.75,92480.75,513781.0,6010902.75,398798.5,38295.75,2968643.25,368846.0,1035948.0,418192.0,636080.75,0.0
1,63,829411.75,97098.5,343512.75,3694088.0,1089154.0,39546.75,3353740.75,629131.5,942289.75,450893.0,659842.0,0.0
1,64,787646.5,92203.75,282549.25,2462497.25,1753346.25,19890.75,2717630.5,242368.5,646380.75,523540.75,562183.25,0.0
1,65,864057.5,101145.75,304457.0,2185351.5,1663621.75,14676.0,2707065.5,105431.25,533025.75,475298.5,573907.0,0.0
1,66,746359.5,87382.75,235127.5,1660036.75,1632761.0,6.0,3175333.5,157520.0,415670.5,357466.25,293459.0,0.0
1,67,785077.75,91915.0,300100.75,1886602.0,1676069.5,2323.75,3571973.5,148635.0,501706.25,382841.0,469631.25,0.0
1,68,768348.0,89947.25,139958.25,1675583.75,1498173.0,159.0,4404039.25,216572.75,617161.25,373145.0,559403.0,0.0
1,69,694547.75,81311.5,251421.75,1482166.0,1318886.5,20687.75,4560315.0,498975.25,846871.5,318137.0,608958.25,0.0
1,70,698946.5,81822.25,424518.75,3481799.0,613388.75,29210.75,4738742.75,251279.75,1174412.75,348985.0,658005.0,0.0
1,71,608381.5,71219.25,404247.0,2859987.75,386605.0,42743.5,4594845.25,746134.75,1650039.25,419642.5,661069.5,0.0
1,72,632625.0,74062.5,370193.25,3181995.5,214068.25,50275.75,4561874.0,759048.5,1838288.75,415690.25,679704.75,0.0
1,73,619490.5,72516.75,350875.0,2978065.0,157825.0,54635.75,5049122.75,549558.75,1608076.0,277504.75,681535.0,0.0
1,74,505734.25,59200.75,380341.0,2636767.75,502236.0,44965.75,4220627.0,386289.0,1334255.25,212595.75,612746.25,0.0
1,75,587366.75,68763.0,347796.0,3092056.75,1151221.5,44486.0,3984607.25,466497.25,1218863.75,268646.5,654913.5,0.0
1,76,615470.5,72052.5,320417.75,2897158.75,1485377.25,24568.5,3913700.0,488483.25,859183.25,245537.0,591666.5,0.0
1,77,723576.75,84711.75,248150.25,3016099.0,1764462.5,13157.0,3096213.25,217793.5,640231.0,187486.25,586953.5,0.0
1,78,545620.5,63877.25,157382.0,1210786.5,2064086.25,485.75,3799297.25,319691.5,451115.5,242406.5,574263.0,0.0
1,79,633042.0,37250.0,212576.0,1629502.0,1857489.25,96.25,4120570.25,318235.5,463214.75,159339.25,554833.0,0.0
1,80,608780.25,31932.25,272478.0,2152788.25,1519698.0,2938.5,4481453.25,211795.75,452343.5,229694.5,537839.75,0.0
1,81,587543.75,30896.0,263660.75,1630827.75,1220511.75,7244.0,4844467.25,512014.75,718188.75,263509.5,517057.75,0.0
1,82,598198.25,30653.0,395264.5,3527382.75,940984.5,21735.5,4813173.25,397983.75,704154.5,285682.25,606796.25,0.0
1,83,588777.5,29829.75,365146.75,2915771.75,296329.0,40821.0,5006723.0,599055.5,1217919.5,319694.0,602846.0,0.0
1,84,596261.5,29958.0,393557.75,3370372.75,168328.75,44698.0,5227627.5,722898.25,1283948.0,326387.25,628104.25,0.0
1,85,604004.0,31238.0,475712.75,4907446.25,240179.25,48795.5,4804592.25,796994.5,1422369.25,281137.0,574194.25,0.0
1,86,587943.0,30928.75,454403.75,6155548.75,571792.75,34308.5,3272278.0,515823.25,1013391.5,280855.5,521781.0,0.0
1,87,661525.0,35010.75,243247.0,2303037.75,1573853.75,38489.25,5124317.25,791044.5,1141395.75,260392.75,617855.0,0.0
1,88,623651.0,31747.0,315997.25,3222432.0,1661946.0,21069.25,4204479.25,422127.5,682547.25,281636.75,517469.5,0.0
1,89,649620.5,33797.5,238697.0,2199694.75,2208072.5,1427.0,4576600.0,150044.0,392158.25,212328.5,435294.75,0.0
1,90,638804.0,33862.5,158832.25,1384357.25,2319618.5,62.75,4614513.25,14065.5,316947.0,200025.25,370975.0,0.0
1,91,663536.75,35164.25,344854.25,2082981.5,2168572.75,331.5,4601533.75,409926.0,317197.0,307357.75,420591.0,0.0
1,92,638890.0,58122.75,100812.75,996651.25,1932129.0,0.75,4542645.75,486135.0,316152.5,246421.0,396388.5,0.0
1,93,596898.25,69876.0,245053.75,2009142.0,1389785.0,46.0,4420515.0,477486.5,287164.75,205322.25,483642.25,0.0
1,94,597579.0,69966.5,335179.5,2808063.0,1061060.75,2067.0,4468445.75,390334.0,587507.0,273467.75,514510.5,0.0
1,95,579391.5,67828.75,368018.5,2892340.25,480350.0,25294.25,4669343.5,498064.25,1232007.5,276738.75,519039.75,0.0
1,96,606394.5,70995.0,336466.25,2991705.75,143366.75,39447.5,4524495.5,675152.0,1800351.25,293599.5,598806.0,0.0
1,97,741145.25,86763.0,455677.75,4799021.75,223075.25,25324.5,4048424.75,560738.5,886712.5,284512.5,548943.0,0.0
1,98,684922.25,80189.0,358996.75,3681432.0,582279.75,30952.75,4180754.5,540545.25,992036.5,211786.5,532310.0,0.0
1,99,749514.0,87752.25,403927.0,3885589.75,1000406.75,38219.0,4035375.0,524966.75,950074.25,267673.0,584141.5,0.0
1,100,710394.75,83166.0,340770.75,2602292.0,1528514.0,27621.0,3874247.0,404509.75,803628.25,310640.0,577769.0,0.0
1,101,749033.5,87696.0,335461.5,2294487.5,2346084.75,13106.25,3021144.75,212910.0,689650.25,277687.0,508369.25,0.0
1,102,708268.25,82916.75,195435.0,1522682.25,2363779.25,967.75,3002380.75,177537.0,581446.5,196385.0,317365.5,0.0
1,103,723981.75,84749.25,320681.5,2572009.0,2141326.0,123.25,2759630.25,194071.5,505213.25,208375.75,498103.75,0.0
1,104,723946.0,84751.75,244366.5,1955090.25,1776409.0,1065.5,3021360.5,292940.0,587591.75,271822.75,544142.25,0.0
1,105,657885.5,77015.25,232261.25,1639540.25,1744554.25,11564.0,3863218.5,236559.0,671140.25,256928.75,600444.5,0.0
1,106,616090.0,72117.75,420754.75,3755762.25,784871.0,19739.25,3361271.75,386546.75,902619.5,312922.0,643931.0,0.0
1,107,574637.25,67280.75,411214.25,4443126.75,372259.75,35187.5,4037402.25,372268.0,1467522.75,276970.25,635421.25,0.0
1,108,536297.75,62786.75,557769.5,5182096.0,182387.0,36036.75,3834331.5,547371.75,1600440.0,330499.5,686573.0,0.0
1,109,675217.75,79046.5,561322.0,5144739.25,347938.25,39264.75,3874690.25,555645.75,2090005.25,304585.75,641051.5,0.0
1,110,687127.75,80439.88,530979.25,4453113.0,618660.0,21216.0,3238188.25,474984.75,1643959.0,303730.63,617003.63,0.0
1,111,803048.5,94008.25,418685.25,2701338.75,1477606.75,1181.0,3526209.75,372251.25,1487204.5,256238.0,622717.0,0.0
1,112,722040.75,84526.0,354601.25,2930629.75,1973205.5,0.0,2193813.0,280325.25,1064792.25,325368.5,567065.75,0.0
1,113,758187.75,88766.5,325820.0,2193634.25,2598255.75,7226.0,2647750.25,109517.25,611331.75,303454.75,496778.5,0.0
1,114,736096.25,86173.5,281283.25,1751436.5,2626012.75,2265.0,2880774.5,111293.75,529198.0,264198.5,357357.5,0.0
1,115,732040.25,85693.25,263333.5,1621648.0,2647112.25,15171.5,3169758.5,80312.75,549609.75,371286.75,557030.25,0.0
1,116,685400.0,80239.0,266126.25,1586262.5,2486475.5,15516.25,2883952.25,54788.25,571366.0,314543.25,544761.25,0.0
1,117,603824.0,70691.0,377862.5,3215200.75,1776570.75,14643.75,2972283.0,171490.5,702097.0,309034.5,538286.25,0.0
1,118,662538.75,77563.5,470449.75,2801004.5,1042056.75,13500.0,3827564.0,477249.25,1193763.0,213873.0,528342.0,0.0
1,119,700656.25,82027.75,466501.0,3490858.5,382741.5,12187.25,4029231.5,616423.0,1770295.25,242240.0,573927.75,0.0
1,120,684263.0,80103.5,564640.0,4399046.0,256624.0,15604.75,3618987.25,460253.25,1918357.75,304630.0,623508.0,0.0
1,121,748745.0,87925.75,594882.25,4643269.25,349307.25,12920.0,4427599.0,511049.25,2156998.25,320033.5,580572.75,0.0
1,122,724611.0,84824.0,401304.25,1986580.25,778144.75,11426.0,4544976.5,746883.25,2116560.25,280906.0,559971.25,0.0
1,123,712692.0,83757.5,468065.25,1941088.5,1797002.5,14547.75,4175970.0,616711.0,1616107.25,367280.75,597800.75,0.0
2,1,167400.0,0.0,0.0,1653590.0,146265.0,25296.0,6264273.75,1934178.5,208262.25,63413.5,4768551.5,2387303.75
2,2,157920.0,0.0,0.0,879309.25,333325.0,24192.0,6064791.75,2348098.0,424493.75,48652.25,5196845.5,2163436.5
2,3,166504.0,0.0,0.0,1064906.75,718643.0,18575.0,6399429.0,2095269.0,288300.0,72660.0,4877736.5,2094742.0
2,4,208080.0,0.0,0.0,757923.75,1130887.25,51840.0,5310776.75,1585011.25,177172.75,64889.75,3930318.5,1817239.25
2,5,209808.0,0.0,0.0,824740.25,1101100.5,52824.0,4341703.5,1402282.25,210968.75,59862.5,3334018.75,1430647.0
2,6,189360.0,0.0,0.0,662079.75,1127004.5,48240.0,4952842.0,1682316.25,202855.25,52039.5,3821325.0,2216095.0
2,7,187488.0,0.0,0.0,894446.25,1149344.0,35712.0,5661769.75,1883548.75,413832.25,48043.25,3795643.0,1960347.75
2,8,188232.0,0.0,0.0,617383.0,1050656.25,34968.0,5809931.0,2742842.25,253924.25,55630.25,2755308.75,2638286.75
2,9,186480.0,0.0,0.0,925082.5,748745.25,27360.0,6546098.5,3338777.0,329331.5,32528.5,3817294.0,2783362.5
2,10,172840.0,0.0,0.0,498458.25,441951.25,16390.0,6649778.75,3861034.0,914241.5,47971.25,3990968.0,2933885.25
2,11,162000.0,0.0,0.0,1799405.75,257674.25,13680.0,6011845.75,3090661.75,682392.25,58413.0,3493834.0,2780709.5
2,12,516672.0,0.0,0.0,1669331.75,206551.75,37680.0,6029522.75,2420013.25,627152.5,57982.75,3072386.75,2874893.25
2,13,555768.0,0.0,0.0,1597723.5,171086.0,58032.0,6468362.25,3331004.0,920621.25,73823.5,3502196.0,2840034.75
2,14,544968.0,0.0,0.0,1747492.25,322509.75,52200.0,5752444.75,2412394.25,540202.75,90482.0,3125229.75,2578918.75
2,15,569138.0,0.0,0.0,1108208.75,601361.25,64641.0,5558303.0,2973690.25,375599.0,74069.25,4355865.0,2710888.25
2,16,560160.0,0.0,0.0,929466.25,930156.0,70560.0,5732508.5,2358136.5,363851.5,76752.25,3082555.5,1951140.5
2,17,563952.0,0.0,0.0,850255.5,1150223.25,70680.0,5311836.0,2246232.0,547759.0,76640.25,2933650.25,1903819.25
2,18,530640.0,0.0,0.0,475521.25,1059053.25,68400.0,4513014.5,3065951.5,521876.5,69738.25,2892728.0,2414780.75
2,19,528984.0,0.0,0.0,585966.0,1154577.0,58776.0,4930980.0,2737480.75,611625.5,60083.25,2874728.5,2033978.25
2,20,569904.0,0.0,0.0,657374.75,1087346.25,70680.0,5512410.75,2242892.75,1282238.25,68554.25,2785106.5,2683708.0
2,21,513360.0,0.0,0.0,538091.75,899373.0,63360.0,5935653.25,2916583.0,1705795.0,68058.5,3403643.5,2770170.5
2,22,507345.0,0.0,0.0,698250.25,424430.0,67050.0,6399039.25,2878614.25,1587695.75,55924.75,4886145.75,2806850.5
2,23,503280.0,0.0,0.0,1260618.0,240004.75,66240.0,6246860.25,2739407.75,1231229.0,75458.0,4628081.0,2559330.0
2,24,573624.0,0.0,0.0,1172755.0,195890.25,66216.0,5940719.0,2732813.25,1517747.25,89057.0,0.0,1805253.25
2,25,588504.0,0.0,0.0,1193392.75,203030.0,64728.0,6147044.75,3610728.5,1419540.0,91537.75,0.0,2271392.0
2,26,652512.0,0.0,0.0,1529749.25,337699.75,100128.0,5828797.25,2182064.75,948487.75,53110.25,0.0,1848848.75
2,27,676873.0,0.0,0.0,1692251.25,781095.0,101791.0,6055111.5,1672702.75,850913.75,67254.25,0.0,2873037.0
2,28,653760.0,0.0,0.0,891640.75,931198.0,102240.0,6134939.0,1102683.25,725588.0,57276.0,0.0,2787835.25
2,29,657696.0,0.0,0.0,640325.25,1188424.5,104160.0,6267111.75,1432297.25,782788.0,62592.0,0.0,2234534.5
2,30,627120.0,0.0,0.0,999595.25,1215558.5,97920.0,5277251.25,1042456.75,969535.75,58427.25,0.0,2653493.25
2,31,616032.0,0.0,0.0,898272.5,1131485.0,95976.0,5360644.75,866090.25,1395836.25,43343.0,0.0,2115211.75
2,32,620496.0,0.0,0.0,727215.75,1009894.75,96720.0,6067103.5,1056634.75,538459.0,67960.25,0.0,2431423.5
2,33,419832.0,0.0,0.0,1011105.5,735489.75,92880.0,5155744.0,1705414.0,863003.25,61074.5,0.0,2589811.5
2,34,569180.0,0.0,0.0,1836414.0,505071.25,92380.0,5344824.75,1045820.0,939423.25,74395.75,0.0,2618952.5
2,35,661301.25,0.0,0.0,1633333.25,196063.0,89280.0,5699747.0,1359508.5,1295256.0,77356.0,0.0,2545567.0
2,36,708570.75,0.0,0.0,2469971.0,100404.75,95232.0,5257869.5,1009432.0,836198.0,96257.5,0.0,2490778.75
2,37,716299.25,0.0,0.0,2721789.0,171116.0,90024.0,6005481.75,1504939.25,2584446.5,230525.0,158749.25,1900815.0
2,38,640543.75,0.0,0.0,1592905.5,427227.5,86688.0,5966823.5,2521774.25,3456099.0,168481.0,155205.0,1777331.25
2,39,705521.75,0.0,0.0,1849575.5,596325.0,87674.0,5937168.0,2749188.25,2641128.0,171601.0,199103.25,1907389.75
2,40,660496.25,0.0,0.0,1392993.5,1058996.5,96480.0,5162241.5,1201572.75,1443817.5,169507.0,194683.25,1478991.75
2,41,663085.25,0.0,0.0,1007819.5,1341997.25,101928.0,5134605.25,1110972.25,1347957.0,167497.75,198820.5,887861.25
2,42,626825.75,0.0,0.0,762453.5,1212265.25,96480.0,5423552.0,1601826.75,1558628.75,126892.5,187944.5,1458160.75
2,43,642846.0,0.0,0.0,639355.0,1413781.25,93744.0,5915393.75,2306766.75,2457273.25,67327.5,168205.5,1913158.5
2,44,651188.5,0.0,0.0,948789.75,1173665.5,87048.0,6036926.5,2378092.0,2387459.25,97038.25,152834.0,1922870.0
2,45,656124.75,0.0,0.0,1041349.0,939292.25,82080.0,5836909.5,2438459.0,2262506.75,143189.25,169373.5,1878831.5
2,46,710039.25,0.0,0.0,1544113.5,628794.75,79715.0,5520065.5,2496066.75,2958059.25,161304.5,184272.75,1957391.75
2,47,724756.5,0.0,0.0,1822997.75,275796.5,81360.0,5112371.5,2475004.25,3534637.0,115464.0,212409.75,1843443.5
2,48,756820.25,0.0,0.0,2531818.0,133363.75,75724.75,4137734.0,1821533.75,3004938.5,162282.0,202017.5,1924827.5
2,49,686187.25,0.0,0.0,2484010.0,149104.0,73809.75,4736258.0,2498823.0,3851055.25,162812.25,201194.0,1957742.0
2,50,617302.25,0.0,0.0,1701714.0,508958.25,67550.25,4847978.75,1769096.25,3059131.25,107929.0,176902.75,1760536.25
2,51,684431.25,0.0,0.0,2955850.75,699443.0,78951.5,4036290.0,912782.75,2434116.75,145966.75,172531.5,1929528.25
2,52,638034.25,0.0,0.0,1349345.25,1095057.25,78975.5,4440574.25,1032957.25,2548775.0,127863.5,169096.5,1563576.5
2,53,618099.25,0.0,0.0,1056248.25,1156333.5,78503.5,3909469.25,948853.25,2517005.5,110601.5,176006.75,518447.75
2,54,588354.25,0.0,0.0,1054502.75,1456519.25,71883.5,2988208.25,492738.0,2900073.25,116893.75,147051.75,1041319.25
2,55,589892.0,0.0,0.0,720695.0,1319426.5,76013.75,3526542.25,1318220.25,3860038.75,103716.5,138733.25,1931462.75
2,56,614492.5,0.0,0.0,957797.5,1195704.25,75227.5,3723178.75,1079253.5,3849042.25,106980.0,197589.0,1919106.75
2,57,611860.5,0.0,0.0,1329651.75,872952.75,74269.25,3672167.0,912674.75,3868874.75,91814.5,147543.0,1867105.75
2,58,658033.5,0.0,0.0,2195026.75,496322.5,79158.0,4387769.75,1459206.75,4509977.0,119944.25,153546.75,1941242.5
2,59,672175.75,0.0,0.0,1743528.25,213651.0,77948.5,5218292.25,2000951.25,3960577.25,117630.0,165668.5,1907984.0
2,60,706313.25,0.0,0.0,2725259.0,181342.5,82399.5,3623700.0,1204932.75,3134838.0,123911.75,189482.5,1921813.25
2,61,697485.5,0.0,0.0,2601417.0,212985.75,76419.75,3956044.75,1475440.5,4013121.0,115454.5,179442.75,1964311.25
2,62,645940.0,0.0,0.0,3859686.0,369964.25,76750.25,2064240.25,689479.5,2832366.5,129923.25,158347.0,1750834.5
2,63,685688.25,0.0,0.0,2678064.0,929023.75,82757.5,2785479.75,949436.25,3093779.75,140639.25,188717.0,1583288.25
2,64,630330.0,0.0,0.0,1334217.75,1436572.0,83030.5,1593347.5,504853.25,2608822.75,117298.75,165633.75,1672755.25
2,65,645944.25,0.0,0.0,1157688.25,1484396.75,86436.25,1604569.25,713923.5,3193629.25,109732.25,172012.75,1203822.5
2,66,605452.0,0.0,0.0,1035311.75,1280615.0,75792.0,2707503.75,500753.75,4182701.5,104770.5,153743.25,1321418.0
2,67,602112.5,0.0,0.0,1128955.25,1358453.5,81168.5,2794952.75,727539.75,5052449.75,131809.75,154370.5,1571427.25
2,68,583559.0,0.0,0.0,1108186.5,1187628.5,73846.25,3410215.25,930006.0,4177662.5,136864.5,135673.75,1887663.5
2,69,617706.75,106345.0,0.0,966434.5,987481.0,74575.5,3322013.0,1577429.75,3751904.75,141555.25,120177.25,1880354.0
2,70,671218.25,115319.25,0.0,2504555.0,426508.75,79010.0,4499343.25,1537124.75,2981907.25,147047.0,180121.75,1902982.0
2,71,681493.5,97460.25,0.0,1802116.25,327387.5,73511.0,4966053.75,1830275.0,3727213.0,125305.25,157664.75,991803.5
2,72,708987.25,105303.25,0.0,1986017.5,132272.5,76436.5,4233086.25,1600026.5,3696933.0,144378.25,177922.0,1935177.0
2,73,709915.25,128999.75,0.0,2092663.25,133389.75,69411.25,5196537.25,1731162.5,3642831.5,147973.25,167411.5,1978137.0
2,74,613805.25,137254.25,0.0,1937325.0,430054.0,54849.5,3454300.75,1010109.0,3396601.75,133959.25,168537.25,1777599.75
2,75,700531.25,140718.5,0.0,1872407.75,872094.25,66918.0,3846499.75,1358422.0,3817565.25,167957.75,155288.75,1961341.75
2,76,655099.25,116854.25,0.0,1356390.75,1178199.0,59807.0,3163354.0,1283011.25,3316398.75,122370.75,163893.5,1830180.0
2,77,659650.0,142187.5,0.0,2043522.0,1237616.5,64024.0,2610418.0,888101.75,2012476.0,101156.25,172709.5,1414612.25
2,78,590123.25,158868.0,0.0,629094.0,1461583.25,58559.5,4256492.5,962922.25,2978290.5,101798.5,143212.25,1840798.5
2,79,597919.75,168551.75,0.0,949821.5,1249177.75,62468.5,3309332.0,1454517.0,2438731.0,74951.75,160205.75,1901719.0
2,80,614357.5,130315.5,0.0,1177783.5,1096669.75,63118.75,3063650.0,1368646.0,1511976.75,59726.75,165423.25,1906239.75
2,81,596255.75,97218.75,0.0,791981.25,1032448.25,57193.0,3882925.0,2708852.75,2180384.5,72154.0,178243.75,1849636.5
2,82,651267.5,88774.25,0.0,2150627.5,624889.0,72088.0,4133183.5,2141690.0,1948492.5,71285.0,148194.5,1851320.0
2,83,669878.0,87275.75,0.0,1403983.5,237554.0,67747.0,4281834.0,2771688.75,3245730.5,66280.5,176045.0,1803456.5
2,84,693745.25,127182.75,0.0,2094581.25,145652.5,66991.5,4363642.75,2501951.5,3146981.25,68686.5,178740.0,1653233.75
2,85,675108.25,148141.5,0.0,2324332.5,205022.5,65794.5,3949260.0,2732060.25,3147622.25,55480.75,159301.25,957660.5
2,86,614764.0,149799.5,0.0,3697524.25,465271.0,60745.0,3160292.0,1984037.75,2083559.25,57076.75,132616.25,888417.5
2,87,685980.75,141151.25,0.0,1415250.0,1197738.75,67584.25,4183695.5,3209109.0,3187198.0,75409.5,170004.5,997316.0
2,88,624758.75,132442.5,0.0,1969275.75,1257004.75,61767.75,4145199.5,1655206.25,2235391.0,67755.0,143992.25,946401.5
2,89,600708.75,128018.75,0.0,1235136.0,1632362.5,56177.0,3692556.5,1373609.25,1190480.0,156350.5,135163.25,318144.75
2,90,558150.5,112006.75,0.0,923372.25,1688360.0,53392.5,4382121.25,1894436.0,1195975.0,218383.0,156108.25,933830.25
2,91,553827.75,95469.0,0.0,859319.25,1722555.75,57663.5,4267305.5,1980706.0,3084524.5,248425.5,164586.75,969729.75
2,92,562386.5,95977.5,0.0,780776.25,1600718.5,55196.5,4372446.5,2553097.25,1196960.0,189820.0,144135.0,983254.75
2,93,591403.75,108427.25,0.0,1222982.25,1010203.25,55159.75,4317027.75,2410233.5,835603.75,253442.25,110212.75,961664.75
2,94,633040.25,116705.25,0.0,1802403.25,720617.75,59069.5,4233057.0,1500062.25,972850.75,263176.5,94189.0,997417.25
2,95,625092.0,104957.75,0.0,2300026.0,358543.75,62891.5,4585617.25,2683072.5,836783.5,263370.75,93270.5,951835.25
2,96,655771.25,122186.0,0.0,2197627.5,143161.5,57308.25,4340008.0,2924353.0,1452320.0,266502.25,101864.25,879870.75
2,97,643615.5,157813.0,0.0,3262657.75,158614.5,49218.5,3959567.75,2398361.5,1584610.75,246941.25,78516.0,516850.5
2,98,583081.0,135367.0,0.0,2227500.0,504528.0,46788.25,3821700.75,2586726.75,2975900.25,174382.5,78228.5,526075.25
2,99,625636.25,116817.75,0.0,2826819.25,768272.5,52616.25,3199492.25,1841563.25,2947712.0,275594.75,93277.5,728087.0
2,100,586016.75,74778.5,0.0,1799663.0,1196020.25,48775.0,2843157.25,1175484.5,2063494.0,254214.5,79068.75,348908.25
2,101,569222.0,86160.0,0.0,1227273.5,1714359.5,50169.25,2234432.25,579374.0,2134231.25,271620.75,94233.25,0.0
2,102,513900.5,70607.25,0.0,1044398.75,1983604.75,48364.0,2535076.0,824891.25,2690018.5,213186.75,87711.75,0.0
2,103,506069.5,71136.75,0.0,1882255.25,1611682.25,50567.0,1831916.0,652521.25,2386764.75,170850.75,97006.0,0.0
2,104,527606.25,85339.75,0.0,1288692.25,1377980.25,54642.75,2367801.5,1132690.0,2446388.0,232666.5,94935.5,0.0
2,105,518710.25,63641.0,0.0,1218680.5,1408916.75,50608.75,2517395.25,1037838.25,2277857.0,280766.0,96569.75,0.0
2,106,567918.5,54446.25,0.0,2680700.0,717177.5,54242.25,3255876.0,1305646.75,2123131.25,250144.0,89487.25,0.0
2,107,587899.75,75426.75,0.0,3508479.25,267123.25,51300.75,3126764.75,1651296.25,2390178.25,235329.0,85488.5,0.0
2,108,618369.75,81278.0,0.0,3689721.25,156424.0,53762.5,3070593.75,1510961.75,2405632.0,143837.5,92522.0,0.0
2,109,629089.0,82482.25,0.0,3112498.75,292381.5,49484.25,2945181.5,1573566.0,2775832.0,98813.75,77551.5,0.0
2,110,595048.25,112360.75,0.0,3113863.0,439312.5,48063.5,2772019.75,914201.25,2112467.5,101462.25,78680.25,0.0
2,111,632072.0,117591.25,0.0,1999747.25,957105.75,50948.75,2934782.0,980924.0,2209539.75,171995.25,85377.25,0.0
2,112,568899.25,93532.0,0.0,2270735.25,1338347.0,46774.5,2110146.0,689718.5,1896942.25,184633.75,70843.5,0.0
2,113,565313.0,110508.0,0.0,1043732.0,1771641.0,46432.25,2068845.0,448666.0,1973331.0,169455.75,113629.0,0.0
2,114,542036.0,121926.0,0.0,1143627.0,1868615.5,42384.75,2410076.0,380148.25,1804095.75,183695.25,114562.75,0.0
2,115,534225.0,119183.0,0.0,1112060.0,1981691.0,40770.75,2301291.25,407029.0,1800590.5,186361.25,109895.75,0.0
2,116,523751.25,104684.75,0.0,1041928.5,1939329.5,38392.25,2481314.5,799400.75,1763535.0,185658.0,117102.5,0.0
2,117,533015.25,92337.25,0.0,1857619.75,1286713.5,33325.0,2204967.75,823339.0,1647710.25,176341.25,97900.5,0.0
2,118,584868.0,87814.25,0.0,1620246.5,745135.5,42704.5,3306414.0,771046.5,1608685.0,168562.5,105674.25,0.0
2,119,584990.25,62174.25,0.0,2176359.0,323233.25,46729.25,3628727.75,913291.75,3037435.0,119482.75,96371.25,0.0
2,120,632129.25,60120.25,0.0,2939610.0,204785.0,49027.0,2958987.5,691156.0,2630070.0,124427.0,90405.0,0.0
2,121,596888.5,65257.25,0.0,2625136.25,318931.75,47190.5,2399339.0,857186.75,3169088.25,120794.0,64404.5,0.0
2,122,553533.75,57384.5,0.0,1637221.75,665658.0,36867.25,2547094.0,1254346.25,3212269.25,107501.75,67549.5,0.0
2,123,607840.5,73860.0,0.0,1307648.0,1569256.5,36965.0,3101676.25,994028.75,2291017.5,169132.0,82745.25,0.0
3,1,1588453.25,607292.25,239013.75,3549503.0,195710.25,16370.25,203391.5,2227310.0,720189.5,195076.5,214481.0,3835355.75
3,2,1429127.0,446334.75,265809.5,1970256.5,490982.5,15362.0,224334.75,2852428.25,736514.0,148598.75,192246.75,3530677.0
3,3,1570773.75,511262.75,411666.5,2675099.25,1056345.0,15349.75,236666.75,2717407.25,634000.25,182297.25,221720.5,3224804.25
3,4,1489358.75,675255.0,361993.25,1741398.75,1628604.0,16075.0,229727.75,2402744.25,431951.0,165833.25,256498.5,3118287.5
3,5,1522174.5,945738.25,534467.25,2135711.25,1543607.5,18645.5,121567.75,1651138.25,359295.0,151193.5,266533.5,3548719.25
3,6,1425899.75,928268.75,433021.25,1551816.0,1652676.0,14664.25,0.0,2318374.25,372869.75,125254.0,244541.5,2567502.0
3,7,1464538.0,855532.0,640624.0,2142647.25,1812439.25,15722.0,182608.25,2139199.0,497731.75,162104.25,215318.5,1932250.5
3,8,1440072.0,748470.5,499112.75,1349138.5,1761849.0,13061.5,216063.5,2260346.75,374543.75,168417.25,223451.25,2482565.0
3,9,1427537.75,635694.5,679907.0,1972241.0,1224020.0,14652.5,219657.75,2446828.5,400341.25,150123.0,253072.75,2840993.0
3,10,1522284.25,590406.0,790248.75,1341204.25,747541.75,17803.75,238672.25,3249592.25,507474.75,174985.75,271510.25,2423958.25
3,11,1508307.25,436703.0,1156005.5,3860818.25,443433.25,18069.75,194122.75,2512533.25,873731.75,180525.75,258588.5,2778540.0
3,12,1611168.5,410927.25,1315146.75,4252323.75,298741.75,20058.25,136562.75,2236238.75,812763.5,176557.75,236118.75,2860695.0
3,13,1551840.5,411359.5,1249127.75,3395753.25,218345.75,19823.5,208346.5,2555345.0,997588.5,178472.5,220222.0,2985425.75
3,14,1480318.5,556505.25,1027538.0,3482864.0,434492.0,18092.75,162054.75,2168059.75,706744.0,165052.25,225307.0,2787451.75
3,15,1593690.5,790585.25,778260.5,2209469.5,830886.75,23031.5,179548.5,2743725.75,706551.5,166375.0,263990.0,3030208.0
3,16,1502798.0,1016841.25,788515.0,2222569.5,1291810.5,21421.0,210210.25,2290037.0,533439.75,162477.5,191239.75,2009936.75
3,17,1489423.5,1266408.5,842428.25,2292478.25,1595461.25,20709.25,163761.0,1696926.5,478753.75,176534.0,215084.75,2006665.25
3,18,1415057.75,1342304.0,491846.25,1268881.0,1743454.75,18541.5,230233.25,1964266.75,523787.5,170894.25,283454.75,1666322.0
3,19,1445735.5,1479197.75,729359.5,1713209.5,1862785.25,15535.75,234597.25,1612888.25,479464.5,174959.5,303948.0,2154103.75
3,20,1437492.25,1409786.5,777843.25,1764296.25,1822017.25,17405.0,194452.25,1460928.0,415908.75,153420.25,246508.75,2456229.25
3,21,1405324.75,1054254.5,638600.0,1545937.0,1498214.75,17255.5,177016.0,1749528.75,509608.25,135117.75,301040.0,2814680.75
3,22,1528611.5,723187.0,1165916.75,1845657.25,655574.5,21651.75,987.5,1849167.75,829032.75,164464.25,253156.5,3050946.5
3,23,1522452.5,683653.75,1183382.75,2737356.5,387719.25,20944.25,8343.5,2136659.75,920648.5,180267.75,195955.75,2956553.0
3,24,1606940.5,679477.75,1156506.5,3300686.5,276956.5,22663.5,13914.25,2135813.75,1085782.75,176355.0,265932.75,2893930.0
3,25,1609858.5,404257.5,1116274.75,2686601.0,321514.5,17793.0,14521.0,2888465.25,1641670.75,198514.0,249505.0,2471454.75
3,26,1448021.75,405221.0,1759510.25,3593053.25,591412.0,17483.25,13768.0,2213828.0,1034090.25,176572.0,268285.25,1814344.0
3,27,1565704.25,607276.5,1369255.0,3266760.75,1205929.0,16289.75,10161.5,2073302.0,894054.0,194242.0,311818.25,1091248.5
3,28,1507906.25,592128.0,1277518.25,2928461.75,1416609.0,16790.25,1419.0,1661990.5,717864.5,183293.5,356859.0,1525651.75
3,29,1509543.25,880943.0,1104172.25,2005431.5,1967299.0,14684.5,33.75,2196031.5,758863.25,179144.75,331909.5,1923370.5
3,30,1414289.25,907603.25,1140829.25,2519617.75,2035664.0,13964.25,0.0,1496213.0,576065.75,177059.5,319538.0,1822342.25
3,31,1454751.75,930566.75,855681.5,1928762.5,1852952.5,14426.0,0.0,1834133.0,642927.0,180056.25,317263.5,1297940.0
3,32,1463807.75,970586.75,1035645.0,1953143.25,1756665.75,16102.25,0.0,1285858.75,582747.5,162287.5,283933.5,2731216.5
3,33,1437393.25,929533.5,905903.25,2146735.0,1104458.25,17579.75,0.0,1904608.75,619888.5,192526.75,361557.5,2747547.0
3,34,1530516.75,754782.5,2043330.5,4464827.0,788001.25,17715.0,734.0,1337428.75,659520.25,202578.5,324880.25,2811335.5
3,35,1533156.75,728084.5,1512047.5,3606426.25,307149.25,16507.25,12266.0,2115943.75,962153.75,152465.25,335778.75,2444906.0
3,36,1599376.0,661198.25,1853788.25,5085742.75,189078.75,18989.25,14345.0,1738690.25,970472.5,183383.75,331968.0,2815464.5
3,37,1589593.75,745424.75,1718498.75,5008519.5,275481.0,20366.0,14922.0,1694076.0,970117.0,85776.0,315436.5,2847444.75
3,38,1473073.5,609867.0,1397534.75,2839057.5,675868.25,20746.0,13713.0,2489953.75,1091191.5,50115.25,203561.5,2503246.25
3,39,1595015.0,580081.5,1416943.0,3782964.25,1030234.75,18952.75,13388.0,2349364.75,970302.25,83704.75,149582.5,2297081.75
3,40,1485024.0,846835.25,1392572.75,3084702.75,1799813.25,18406.25,2476.0,1268467.5,594904.5,83418.5,207977.75,1906728.75
3,41,1482036.75,1105955.75,1171058.0,2661995.5,2180626.25,17968.5,0.0,975171.0,625714.25,81730.0,181852.5,2757686.75
3,42,1398672.0,1038157.75,992097.0,2054415.25,1948377.0,16078.5,0.0,1062221.25,850307.75,71152.0,170420.5,2789078.0
3,43,1413908.0,866833.75,662431.75,1589985.0,2261783.75,15281.75,0.0,1973920.25,759205.0,54879.75,272315.0,2335349.0
3,44,1398149.0,737903.0,921029.5,2155372.75,1902439.0,14570.0,0.0,1439195.0,595894.0,51025.25,252872.0,2826059.0
3,45,1403059.25,701759.5,1573573.75,2781724.5,1515759.25,16743.0,0.0,1551001.25,496595.25,28729.25,268198.0,2769223.0
3,46,1528137.5,589184.25,1769360.25,3561566.75,1055395.5,21181.75,0.0,2010155.0,621844.75,23554.75,233323.0,2835595.75
3,47,1533417.75,568067.25,1753221.25,3438775.75,424311.0,22065.25,0.0,2376429.75,1059972.25,33872.5,188040.0,2843760.0
3,48,1608881.0,517299.75,1983872.0,4807400.75,192029.5,19556.75,5043.0,1671464.25,1147193.0,69184.75,242197.0,2879209.75
3,49,1609281.0,620166.0,1799464.25,5036955.75,278339.25,21077.0,13754.0,2144560.5,1358116.5,70931.5,198655.75,2883960.0
3,50,1468552.25,535109.5,1546746.25,3564645.75,808491.5,19680.5,12274.0,1652322.5,993847.25,77466.75,206480.0,2649383.75
3,51,1570954.0,749317.25,2056830.5,5394235.5,1148171.0,20401.0,11255.0,1061414.25,878665.5,107924.25,219260.5,2846905.75
3,52,1494970.25,783885.5,1408426.5,3118508.75,1905343.5,19681.0,3520.0,976073.5,849677.25,86419.5,217952.75,2248824.75
3,53,1511840.25,870892.0,1484350.0,2910820.5,1829949.0,19319.5,0.0,889836.5,671416.75,80037.0,247023.75,2121200.5
3,54,1364253.5,909730.25,1194934.75,2163135.0,2405478.75,16667.25,0.0,625467.5,724541.25,97967.0,230164.25,2091030.75
3,55,1368771.0,1011537.5,1379200.75,2212333.0,2141382.5,16480.5,0.0,622680.0,811858.0,75681.0,238033.75,2115762.25
3,56,1364877.5,1005615.5,1251459.0,1983674.5,1942214.5,18699.5,0.0,768685.0,781947.75,85150.5,201981.75,2849916.25
3,57,1372477.75,789881.0,1666536.75,3019889.5,1467308.75,20594.5,0.0,747744.75,805818.5,79561.0,158855.5,2778972.25
3,58,1532458.75,685660.25,1987697.75,3776108.0,909908.25,19574.0,854.0,980278.5,1045383.75,103112.75,252111.25,2897654.75
3,59,1538375.5,658288.25,1877677.25,3167130.75,373541.25,23068.75,10841.0,1643438.25,953199.5,95000.25,246356.25,2739793.75
3,60,1629927.25,558764.75,2594968.5,4926042.75,358037.0,22922.25,10795.0,1046718.5,939724.0,138084.75,262551.75,2858279.75
3,61,1629115.0,533427.5,2728959.75,5218900.75,414384.5,24575.25,12762.0,1240469.25,1193454.0,126115.0,265927.25,2871557.75
3,62,1485821.0,613475.25,2481802.5,6729189.75,636562.75,21976.0,11900.0,718815.0,837336.75,119705.75,117785.25,2562013.5
3,63,1569799.5,619840.0,2283902.75,4701635.25,1546363.25,23636.25,12599.0,708444.75,831076.0,111539.0,183945.0,2869539.25
3,64,1497096.5,620047.0,1549513.5,2961256.0,2354554.25,18286.25,2610.0,287321.5,559484.25,123612.0,223642.0,2153732.0
3,65,1508039.0,804528.0,1262930.5,2598094.25,2245081.0,21321.75,0.0,472893.25,746368.0,113859.5,265707.5,2120048.5
3,66,1398448.75,981335.25,1206427.25,2092928.0,2066034.0,19793.5,0.0,412695.75,964036.5,52623.25,238073.25,2785792.75
3,67,1429581.0,1012647.5,1265419.5,2305864.25,2311409.75,17409.0,0.0,399629.75,729842.25,102548.5,267638.0,2182668.25
3,68,1401259.0,892980.0,1438549.25,2210823.0,2026254.0,16384.5,0.0,774844.0,910136.25,104690.0,229038.0,2761802.25
3,69,1403056.5,832128.25,1456559.75,2031256.25,1705961.0,18710.0,0.0,1342861.75,757801.0,100260.75,209944.5,2487723.25
3,70,1552952.25,797368.0,2668327.75,4494735.75,801515.75,20119.5,5603.0,958936.5,1018424.75,119056.5,232337.0,2278525.25
3,71,1562665.5,672729.5,2169033.5,3772365.0,551252.25,22146.5,8633.0,1119313.0,1680958.0,62650.0,168309.0,2850944.25
3,72,1649998.0,520358.75,2249808.0,3622362.75,237161.0,24989.75,11463.0,1310038.25,1897111.5,85231.25,201601.75,2932984.75
3,73,1631961.5,460105.75,1912658.25,3773767.0,233523.5,21817.25,14823.0,1368704.5,1866801.25,81151.75,246119.5,2969563.25
3,74,1464803.25,511378.75,2362841.25,3600116.75,750626.0,22653.75,11906.0,915372.0,1487474.5,77258.75,151396.5,2686731.0
3,75,1605181.75,522227.0,2008955.0,3820154.0,1492248.5,25684.75,13476.25,884588.25,1417215.5,60116.25,266426.25,2576469.5
3,76,1529147.0,518823.25,1455452.25,3255164.0,2007500.5,20647.0,9440.0,829588.5,1250734.0,81019.0,227101.5,2377147.0
3,77,1536397.75,859830.75,1039736.75,3376872.0,2088064.0,23429.5,0.0,707399.0,783095.0,89531.0,257457.25,2912321.5
3,78,1384894.0,1049815.25,893068.25,1405233.5,2662171.0,17090.25,0.0,942298.25,1116178.75,75531.0,234218.0,2817313.0
3,79,1395153.25,1008499.75,1044939.5,1970303.5,2293942.5,16780.75,0.0,946741.75,876719.0,98174.75,241263.5,2934242.25
3,80,1430352.5,1045660.25,1634135.75,2674086.25,1937932.0,19416.25,0.0,786974.5,554773.0,82365.5,288134.0,2940292.5
3,81,1412771.0,712667.75,1092527.5,1918281.75,1805832.25,20762.75,0.0,1254318.0,753225.5,111096.25,173840.25,2677673.75
3,82,1531536.25,501460.0,2527984.5,4235148.25,1173075.25,25601.5,5338.25,985530.0,750857.75,133611.75,219307.5,2477718.5
3,83,1544607.0,451717.75,2168131.0,3281485.0,409350.5,26133.5,12957.0,1759296.0,1386163.0,132558.75,249176.5,2852710.25
3,84,1623796.5,443022.25,2162292.25,3955440.0,273793.75,25795.0,14511.0,1263906.25,1254846.5,106670.75,240813.25,2971823.25
3,85,1605428.5,461613.5,2658519.0,5355125.25,304309.25,23038.25,14190.0,1225695.0,1788519.0,157384.25,201174.25,970196.0
3,86,1424529.25,238699.0,2530584.75,7263186.5,835056.25,21754.0,13300.0,692669.0,1157045.5,117387.0,200181.75,924825.0
3,87,1597270.25,356950.25,1160059.75,2798156.0,2089937.0,24984.75,14140.0,1273910.5,1444042.0,153078.0,231865.5,1002292.25
3,88,1500580.25,427740.25,1601513.0,4042578.25,2119023.25,24517.25,10463.0,1006975.75,869561.75,112759.5,231844.5,975998.25
3,89,1670347.5,736868.25,1241590.0,2781510.75,2780723.25,21576.0,275.0,1057001.25,847512.25,124557.25,250526.75,1014925.0
3,90,1340783.75,822384.25,1005349.75,1957798.25,2979100.0,20274.0,0.0,1024456.5,681133.5,128655.5,241032.5,972595.5
3,91,1347381.25,714043.75,1428226.5,2413220.5,2885029.25,17752.5,0.0,1072524.75,891701.0,132572.5,217084.25,999971.25
3,92,1364619.75,678978.75,917375.5,1581460.0,2746357.0,19648.5,0.0,1831384.25,933629.75,117473.5,245302.25,1009480.0
3,93,1398796.75,576296.5,1665387.5,2707295.5,1718577.5,20880.0,0.0,1757680.25,775580.5,90186.0,197310.0,1001506.0
3,94,1517958.25,619878.25,2130852.25,3754425.25,1286353.25,20491.25,141.0,943267.5,840283.75,133912.75,198265.75,708707.0
3,95,1496948.5,491985.0,2450871.5,4608411.75,600818.0,22870.75,9490.75,1187160.25,924007.75,151237.0,215612.25,1008247.0
3,96,1573417.75,413040.5,2340237.0,3879922.75,254898.5,23976.75,11078.0,1842764.5,1446144.25,145766.25,225128.25,1030431.0
3,97,1533495.0,435943.25,2274856.0,6143381.0,324233.5,23958.25,11958.0,1237068.75,1275272.0,155779.75,222201.25,972620.5
3,98,1398561.75,373083.25,1280382.75,4118665.25,865105.25,22976.5,11776.0,1360405.75,1225236.25,106017.75,215293.0,792210.75
3,99,1529487.0,453032.75,2030380.5,4915452.75,1414527.75,23031.25,9674.5,843613.5,896637.25,179928.5,236757.0,763768.75
3,100,1444354.75,534710.0,1394124.25,3695652.0,2104701.25,22208.25,6833.0,690941.5,670112.0,131163.5,136226.5,0.0
3,101,1405493.75,938867.5,1245059.0,3004157.0,2994069.0,24067.0,267.0,476231.5,659890.0,132496.0,217616.5,0.0
3,102,1274360.5,978197.75,995008.75,2106062.75,3358194.25,18679.5,0.0,356330.5,833145.75,116722.75,252667.75,0.0
3,103,1293410.25,935202.75,1473704.75,3650216.75,2900874.25,17256.25,0.0,330512.0,817926.0,90041.75,274608.5,0.0
3,104,1326133.25,934943.75,948514.25,2277745.0,2526408.25,17560.0,0.0,418008.0,966404.0,91648.5,242682.0,0.0
3,105,1285608.5,812016.25,1102886.25,2294083.25,2513559.5,19068.75,0.0,777365.75,623261.5,114882.5,239490.75,0.0
3,106,1443463.0,594527.5,2156472.25,5036580.5,1305896.0,21647.5,0.0,844370.0,801358.5,155802.0,261439.25,0.0
3,107,1491490.5,783639.25,1908308.25,5921530.75,535370.5,24620.0,0.0,992918.25,1136092.5,138966.25,184408.75,0.0
3,108,1563093.0,753095.0,2432932.0,6883138.25,271048.5,24781.0,0.0,978632.75,1340292.75,156358.25,167423.0,0.0
3,109,1530583.75,718128.5,2475351.75,6836602.0,542546.5,25505.25,0.0,1017641.25,2029649.5,149979.0,170654.75,0.0
3,110,1427037.75,589079.25,2249439.75,6071351.5,806783.5,24812.5,0.0,709274.75,1274113.0,127799.75,199155.75,0.0
3,111,1512889.75,577258.75,2318161.5,4343716.75,1791084.0,26474.25,0.0,716970.5,1355438.5,149899.25,226095.0,0.0
3,112,1434813.25,716138.25,1831429.5,4157552.75,2422426.25,23985.25,0.0,368311.0,1122035.0,159078.75,159415.5,0.0
3,113,1411900.0,969374.5,1202498.25,2810827.25,3165115.75,22102.25,0.0,162316.75,1050456.25,177071.25,240517.5,0.0
3,114,1316801.0,929981.5,1271685.5,2594505.75,3218694.75,18256.25,0.0,240406.5,934338.5,170366.75,215231.5,0.0
3,115,1344349.0,1066302.75,1372678.5,2656669.25,3421481.5,17881.75,0.0,307842.5,671809.25,199774.5,267470.5,0.0
3,116,1338212.25,946913.5,1160115.75,2448146.5,3281874.75,20689.5,0.0,378549.25,866460.5,190378.25,230998.5,0.0
3,117,1344609.75,838361.0,1444214.75,3565612.5,2279726.5,22114.75,0.0,542588.75,636357.75,154734.0,219530.5,0.0
3,118,1493727.25,910569.0,1791092.0,3735470.0,1288367.25,25329.5,0.0,592678.0,815624.75,173231.5,217456.25,0.0
3,119,1498247.75,584634.0,1767032.0,4287828.5,558573.0,25272.25,0.0,675028.25,2009581.0,140507.75,196442.75,0.0
3,120,1564447.5,509896.75,1902229.25,6000391.25,366812.0,29497.25,0.0,577862.25,1839685.75,140640.75,198281.0,0.0
3,121,1523361.0,516566.5,1944941.0,5503230.5,639521.25,29026.25,0.0,697911.5,2296065.75,124042.75,162449.75,0.0
3,122,1305121.5,412847.25,1856726.75,3351795.5,1126980.0,19488.0,0.0,657333.0,2123443.5,114369.75,119778.25,0.0
3,123,1436995.5,357020.75,1417697.25,2999723.0,2267194.5,21547.0,0.0,399755.25,1489101.5,131067.75,135545.75,0.0
4,1,351912.0,396524.5,0.0,105842.25,90333.0,5952.0,0.0,1444311.5,8150.0,273769.25,101427.75,1979112.25
4,2,326612.25,284250.75,0.0,53039.0,182394.0,5959.75,0.0,1487734.5,11674.75,262060.75,93708.5,1804701.5
4,3,362584.0,364973.5,0.0,91317.5,476589.0,6687.0,0.0,1303024.25,39554.5,283065.0,106833.0,1989103.75
4,4,356158.75,415793.75,0.0,61766.0,693764.75,6480.0,0.0,861085.0,10279.0,248952.75,102354.5,1922835.5
4,5,378696.0,426559.0,0.0,42804.5,661212.25,6696.0,0.0,294330.75,17.75,323486.5,99174.5,1951437.25
4,6,367369.0,442021.25,0.0,41800.25,708009.25,6480.0,0.0,688742.75,0.0,342114.25,95959.5,1471701.0
4,7,382416.0,403586.0,0.0,66176.75,803200.75,6696.0,0.0,986269.25,38890.5,331141.75,100939.0,1194942.5
4,8,382416.0,323167.0,0.0,52172.25,701771.0,6696.0,0.0,534234.75,7775.25,253956.75,100184.25,1946632.25
4,9,370080.0,308099.5,0.0,85973.25,488089.75,6480.0,0.0,1060828.5,2436.25,229659.25,97047.75,1668075.25
4,10,382930.0,267090.75,0.0,50621.75,286542.25,6705.0,0.0,1553727.75,43930.75,256955.0,103036.5,1356523.5
4,11,370080.0,239030.5,0.0,146252.25,204159.75,6480.0,0.0,762056.25,28660.5,206664.5,100881.0,1905888.75
4,12,382416.0,273336.25,0.0,118537.0,174570.75,6696.0,0.0,855703.75,8762.25,194595.0,0.0,1947386.0
4,13,382416.0,347259.0,0.0,144746.75,114372.0,6696.0,0.0,1098289.0,9033.75,253084.75,112761.5,1987920.5
4,14,357744.0,368858.0,0.0,184792.75,176939.5,6264.0,0.0,920743.0,586.5,277818.5,101616.0,1852433.0
4,15,381902.0,354884.75,0.0,107971.5,401533.75,6687.0,0.0,898070.75,0.0,268774.5,108710.25,1946153.0
4,16,370080.0,378708.75,0.0,82685.25,532797.5,6480.0,0.0,660442.0,421.75,271959.75,105241.75,1166397.25
4,17,385210.0,392558.25,0.0,104729.25,663295.75,6696.0,0.0,604303.25,129.5,291212.0,108857.5,959168.25
4,18,380160.0,367633.5,0.0,60388.0,662440.5,6480.0,0.0,870264.25,810.0,355604.0,105139.25,1886588.25
4,19,392832.0,408783.5,0.0,64887.75,760131.5,6696.0,0.0,671241.25,149.0,315708.75,108987.0,1949937.75
4,20,392832.0,427334.75,0.0,83201.75,698091.5,6696.0,0.0,309762.25,115.25,317783.5,108624.0,1874201.75
4,21,380160.0,336838.75,0.0,87721.75,512090.75,6480.0,0.0,851994.25,10852.5,289897.25,106590.75,1259217.5
4,22,393360.0,263256.0,0.0,127852.25,273640.0,6705.0,0.0,1015726.75,10153.5,241250.5,111085.75,1973365.75
4,23,380160.0,302286.0,0.0,201217.75,145292.5,6480.0,0.0,1276688.0,13574.75,238336.5,107121.25,1908191.0
4,24,392832.0,243233.5,0.0,144721.0,137739.0,6696.0,0.0,1270319.25,8885.25,306170.5,118857.75,1607737.25
4,25,389271.5,226474.75,0.0,182655.75,107846.0,6498.25,0.0,1536035.25,46414.0,301570.25,156634.75,981670.25
4,26,342720.0,258423.0,0.0,203020.75,228597.75,5376.0,0.0,1284192.5,21854.25,197204.75,118416.75,880368.5
4,27,378930.0,389666.75,0.0,264409.0,480542.0,5944.0,0.0,900046.25,10202.0,258982.5,123266.0,886690.5
4,28,367200.0,328412.0,0.0,122159.75,557789.75,5760.0,0.0,930824.5,6198.5,248986.75,118345.75,450802.0
4,29,379440.0,404965.25,0.0,109718.5,687720.75,5952.0,0.0,746934.0,4252.0,278924.75,122832.5,1492090.0
4,30,367200.0,384088.0,0.0,134858.5,771640.75,5760.0,0.0,362325.5,4305.0,308378.5,118156.25,1872565.25
4,31,379440.0,378119.5,0.0,144958.5,667497.75,5952.0,0.0,546354.75,12522.0,255915.25,122232.75,1931953.0
4,32,379440.0,378568.25,0.0,96711.5,628562.5,5952.0,0.0,589338.25,5191.0,305348.5,122060.5,1928962.75
4,33,367200.0,368839.75,0.0,124609.5,444544.0,5760.0,0.0,1001629.25,640.0,281040.25,119085.5,1050789.25
4,34,379950.0,332065.0,0.0,215789.5,342775.0,5960.0,0.0,866516.75,1517.5,283413.75,122583.0,1931400.75
4,35,367200.0,350910.5,0.0,249417.0,120576.25,5760.0,0.0,1406784.5,7392.25,297147.25,120339.5,1915050.25
4,36,379440.0,377128.75,0.0,357101.0,75506.5,5952.0,0.0,1101064.25,11975.5,261218.75,124178.0,1934038.25
4,37,379440.0,408408.0,0.0,406411.75,114884.0,5952.0,0.0,950643.25,10714.75,300303.5,119015.25,1946111.75
4,38,342720.0,357469.5,0.0,235691.0,204455.25,5376.0,0.0,1562279.0,21096.0,281711.25,116233.0,1814154.0
4,39,378930.0,340734.75,0.0,254388.25,361248.75,5944.0,0.0,1511380.0,19550.25,277364.75,121438.25,1971361.5
4,40,367200.0,376909.75,0.0,229770.25,671244.75,5760.0,0.0,793920.25,989.5,246647.75,115894.75,1795660.0
4,41,379440.0,395757.0,0.0,152653.25,698473.75,5952.0,0.0,757168.25,558.0,270714.0,117771.25,1227158.25
4,42,371818.0,431479.0,0.0,96779.5,725517.25,5760.0,0.0,789732.75,594.5,222795.75,114205.25,1451327.25
4,43,406224.0,382024.75,0.0,82208.75,761650.25,5952.0,0.0,830453.75,12354.25,205203.0,117552.0,1908680.25
4,44,406224.0,342617.5,0.0,131562.25,671663.5,5952.0,0.0,1306351.0,21185.75,218611.0,118029.75,1775419.25
4,45,393120.0,325453.75,0.0,133821.75,573795.5,5760.0,0.0,1063157.5,5171.25,232752.25,115677.5,952373.25
4,46,406770.0,286029.75,0.0,210349.75,378734.0,5960.0,0.0,1223610.0,11136.5,281755.25,119309.0,952308.25
4,47,393120.0,254774.75,0.0,204516.5,174398.5,5760.0,0.0,1179638.25,30989.75,256759.5,122411.75,1638517.75
4,48,406224.0,387115.25,0.0,397125.0,84232.5,5952.0,0.0,1096508.5,8285.0,280277.75,117723.25,1967214.25
4,49,406224.0,371062.75,0.0,380675.25,93524.25,5952.0,0.0,1666090.5,27383.75,294386.25,119379.25,1979371.75
4,50,366912.0,314362.0,0.0,245078.0,340153.0,5376.0,0.0,1210844.75,22659.5,230835.25,97175.75,1786682.5
4,51,405678.0,427734.0,0.0,481569.75,463860.25,5944.0,0.0,657348.75,4588.75,259515.25,106523.75,1936651.0
4,52,393120.0,383682.5,0.0,228789.25,581630.75,5760.0,0.0,700530.0,2440.5,286575.5,103302.5,1880076.25
4,53,406224.0,460103.25,0.0,200446.75,656600.75,5952.0,0.0,409257.25,2568.0,248132.0,106708.0,1971087.75
4,54,393120.0,550183.75,0.0,147392.75,806997.25,5760.0,0.0,538841.25,4416.5,297042.5,103972.5,1440258.75
4,55,406224.0,506638.0,0.0,106588.75,803451.5,5952.0,0.0,387574.75,17947.75,240966.75,106422.5,1392072.25
4,56,406224.0,496647.75,0.0,106664.25,698803.75,5952.0,0.0,468360.75,2287.75,262292.75,106509.5,708124.5
4,57,396392.25,384596.75,0.0,199926.25,538599.0,6182.25,0.0,370672.75,6578.5,188820.25,102982.25,1140776.0
4,58,429865.0,401057.5,0.0,315133.5,318472.0,8940.0,0.0,556683.5,15902.0,250560.75,106851.25,1909527.25
4,59,415440.0,377016.75,0.0,267193.0,151483.0,8640.0,0.0,1091476.0,26883.5,207019.5,105402.25,1812329.0
4,60,429288.0,386235.5,0.0,420321.25,146664.5,8928.0,0.0,780271.0,20706.0,228364.25,110451.5,1743788.0
4,61,429288.0,303778.0,0.0,339823.75,182676.25,8928.0,0.0,1116139.75,25509.5,272059.5,98493.5,975176.5
4,62,401592.0,396783.25,0.0,588000.75,274318.5,8352.0,0.0,579687.75,20655.25,254320.0,88133.5,851646.25
4,63,428711.0,417733.0,0.0,440997.75,555051.25,8916.0,0.0,432809.25,19811.75,280690.5,93659.5,948095.25
4,64,415440.0,323114.0,0.0,213075.5,839844.0,8640.0,0.0,287445.5,8578.75,256404.0,92246.0,899913.0
4,65,429288.0,406970.75,0.0,172168.75,833850.5,8928.0,0.0,291585.75,17592.25,260321.0,93776.25,961160.75
4,66,415440.0,446118.5,0.0,176795.75,718915.25,8640.0,0.0,370460.25,16404.75,279172.5,91129.5,551987.5
4,67,429288.0,459977.5,0.0,140300.75,900997.75,8928.0,0.0,303826.75,6196.75,278660.75,93773.75,475848.0
4,68,429288.0,401742.5,0.0,142115.25,701009.0,8928.0,0.0,248464.5,13024.25,283716.5,94190.0,944312.75
4,69,415440.0,388975.75,0.0,136291.0,609625.5,8640.0,0.0,652634.5,47181.75,258885.5,92687.25,927275.5
4,70,429865.0,413772.5,0.0,327743.5,301802.75,8940.0,0.0,620143.0,148839.25,265166.25,94037.75,953715.75
4,71,415440.0,331874.75,0.0,198610.25,230769.75,8640.0,0.0,1269847.25,171565.25,247004.25,104807.5,939825.75
4,72,429288.0,340894.75,0.0,250576.5,87663.25,8928.0,0.0,1045672.25,189906.75,234027.75,103448.25,971903.0
4,73,429288.0,330650.0,0.0,349886.5,75706.25,8928.0,0.0,1462553.25,174611.5,290481.25,95766.75,977695.25
4,74,387744.0,359930.75,0.0,277114.25,283195.75,8064.0,0.0,1038554.5,140224.25,256759.5,87092.75,879204.25
4,75,428711.0,365202.0,0.0,268333.5,569214.25,8916.0,0.0,793422.0,149705.75,273279.75,93914.0,964256.0
4,76,415440.0,320862.5,0.0,201282.25,740327.25,8640.0,0.0,851681.25,160835.5,207889.0,94848.0,938226.75
4,77,429288.0,461249.25,0.0,355728.25,770823.75,8928.0,0.0,580336.5,152418.25,193731.75,93970.5,949198.75
4,78,428297.25,512909.5,0.0,104697.75,902977.5,8640.0,0.0,938669.25,152059.75,229976.75,90811.0,287118.0
4,79,448632.0,505625.5,0.0,136542.25,808211.25,8928.0,0.0,881532.75,151031.0,222711.0,94286.75,680840.75
4,80,448632.0,529446.75,0.0,166461.0,692793.25,8928.0,0.0,499767.75,148415.75,240478.75,94256.25,946316.25
4,81,434160.0,392726.0,0.0,112274.75,708184.25,8640.0,0.0,1964924.5,139733.0,202136.5,92357.0,929820.5
4,82,449235.0,286961.25,0.0,238228.0,450207.75,8940.0,0.0,1303204.75,144491.0,202197.0,99369.0,971812.0
4,83,434160.0,271435.0,0.0,202038.5,156288.0,8640.0,0.0,1882424.5,197716.0,289017.25,112387.5,945535.5
4,84,448632.0,330891.75,0.0,332909.75,116335.5,8928.0,0.0,1628733.0,322332.75,319794.75,124541.75,972744.5
4,85,448632.0,358390.75,0.0,371122.25,183200.25,8928.0,0.0,1950860.0,293950.75,325101.5,108478.0,978835.75
4,86,405216.0,322873.75,0.0,562359.75,346372.5,8064.0,0.0,1623296.0,256009.25,231708.0,124593.5,882243.25
4,87,448029.0,303574.5,0.0,251374.25,727395.0,8916.0,0.0,1949688.5,242026.5,281626.0,122074.5,974300.5
4,88,434160.0,354712.5,0.0,285415.25,730829.25,8640.0,0.0,1042814.25,203989.5,263501.75,104242.75,943260.0
4,89,448632.0,425291.0,0.0,175281.5,981574.5,8928.0,0.0,667695.75,178000.0,257858.25,99333.75,904882.75
4,90,434160.0,421494.0,0.0,134915.25,1001837.0,8640.0,0.0,684020.5,139427.0,282159.5,95876.5,265385.5
4,91,448632.0,349711.88,0.0,134654.5,1069708.0,8928.0,0.0,861013.13,144482.38,261222.13,100088.25,954952.63
4,92,448632.0,321044.0,0.0,153551.75,949623.75,8928.0,0.0,766970.5,141923.5,240161.0,98301.25,948263.0
4,93,434160.0,351476.5,0.0,232331.0,607464.0,8640.0,0.0,1481117.5,135735.0,297300.75,94279.0,929727.0
4,94,449235.0,386925.5,0.0,231022.75,443994.0,8940.0,0.0,900939.5,147572.0,285910.25,96308.25,963647.5
4,95,434160.0,319568.5,0.0,282087.75,232271.5,8640.0,0.0,1646435.0,145769.5,310099.25,100622.0,876713.75
4,96,448632.0,328138.0,0.0,303591.0,99175.5,8928.0,0.0,1872358.13,221515.75,318156.5,136705.0,797615.0
4,97,448632.0,359478.5,0.0,437993.0,118378.75,8928.0,0.0,1715609.25,242605.0,282863.75,116087.75,241182.5
4,98,405216.0,233966.75,0.0,379009.75,357546.5,8064.0,0.0,1534630.25,213567.0,181734.5,106283.25,585584.0
4,99,448029.0,326935.25,0.0,451779.25,552085.0,8916.0,0.0,941557.5,209896.25,244059.5,103786.5,646249.5
4,100,434160.0,363300.25,0.0,249195.75,692968.0,8640.0,0.0,630108.75,160580.5,243097.0,99090.75,310065.5
4,101,448632.0,465162.5,0.0,215857.5,964579.25,8928.0,0.0,339983.75,146932.0,245885.75,94101.25,0.0
4,102,434160.0,383370.5,0.0,178509.5,1199195.25,8640.0,0.0,305923.5,139348.0,229483.25,92298.75,0.0
4,103,448632.0,365509.25,0.0,254230.5,1040000.5,8928.0,0.0,358540.0,161394.0,221744.75,94302.5,0.0
4,104,448632.0,402772.25,0.0,231021.5,856763.75,8928.0,0.0,438513.0,140467.75,233208.25,96615.5,0.0
4,105,434160.0,378683.5,0.0,163152.25,891641.0,8640.0,0.0,507875.25,137527.5,173624.0,90720.75,0.0
4,106,449235.0,309956.5,0.0,359053.5,502238.75,8940.0,0.0,683503.0,174539.25,185740.25,96756.0,0.0
4,107,434160.0,425298.5,0.0,538441.5,193208.0,4530.0,0.0,942366.75,176647.5,200745.75,96517.0,0.0
4,108,448632.0,448433.5,0.0,512279.5,151261.5,4464.0,0.0,896821.5,181015.0,208270.0,107691.75,0.0
4,109,343802.75,529559.5,0.0,444781.75,250963.75,7440.0,0.0,889804.0,276184.75,244165.25,71442.0,0.0
4,110,316038.25,449827.25,0.0,450137.13,372169.5,6960.0,0.0,509491.0,256806.75,237349.25,55415.0,0.0
4,111,322629.25,467336.25,0.0,302995.0,650951.75,7430.0,0.0,353313.0,249067.25,240366.25,58698.75,0.0
4,112,302551.5,477735.75,0.0,315352.0,890199.25,7200.0,0.0,304099.75,235948.75,234731.5,59455.25,0.0
4,113,292144.25,556625.75,0.0,200617.25,1068801.75,7440.0,0.0,367804.25,238296.5,254509.0,64296.75,0.0
4,114,266099.5,540292.5,0.0,181380.75,1122308.75,7200.0,0.0,340788.0,226014.5,333500.75,60787.5,0.0
4,115,267448.0,579915.0,0.0,137669.75,1256555.25,7440.0,0.0,255263.5,231825.25,313057.25,65979.0,0.0
4,116,270514.75,416307.0,0.0,108114.25,1233401.0,7440.0,0.0,463449.0,228935.25,304063.75,90989.0,0.0
4,117,265608.75,396926.0,0.0,304762.0,818345.0,7200.0,0.0,648540.75,221173.75,197562.75,100206.25,0.0
4,118,300372.5,481898.5,0.0,211453.5,486025.75,7450.0,0.0,909298.0,235200.75,278435.75,66773.75,0.0
4,119,318158.75,324018.75,0.0,304413.25,265191.75,7200.0,0.0,1480861.5,244733.5,214956.5,68651.25,0.0
4,120,338270.0,422129.5,0.0,369116.75,208610.75,7440.0,0.0,1367305.25,275054.0,220434.75,63297.75,0.0
4,121,346988.0,462674.5,0.0,429510.25,319740.5,7440.0,0.0,1544895.75,302120.0,288217.5,105636.25,0.0
4,122,309420.0,374500.25,0.0,204509.0,429512.75,6720.0,0.0,1578283.75,250177.75,242137.0,83332.75,0.0
4,123,335358.0,304974.25,0.0,201665.0,929584.5,7430.0,0.0,1173617.75,253641.25,235617.5,91033.5,0.0
