"date","price"
"2015-01-05",35.86
"2015-01-06",33.88
"2015-01-07",38.72
"2015-01-08",28.48
"2015-01-09",24.25
"2015-01-10",12.86
"2015-01-11",1.1
"2015-01-12",22.56
"2015-01-13",24.81
"2015-01-14",27.21
"2015-01-15",25.37
"2015-01-16",33.08
"2015-01-17",31.5
"2015-01-18",26.99
"2015-01-19",42.58
"2015-01-20",47.04
"2015-01-21",44.99
"2015-01-22",43.82
"2015-01-23",42.37
"2015-01-24",29.78
"2015-01-25",28.28
"2015-01-26",37.5
"2015-01-27",32.94
"2015-01-28",28.18
"2015-01-29",26.24
"2015-01-30",38.24
"2015-01-31",29.81
"2015-02-01",29.23
"2015-02-02",42.38
"2015-02-03",45.53
"2015-02-04",48.28
"2015-02-05",44.04
"2015-02-06",39.3
"2015-02-07",26.91
"2015-02-08",12.44
"2015-02-09",27.55
"2015-02-10",44.18
"2015-02-11",48.32
"2015-02-12",48.38
"2015-02-13",38.7
"2015-02-14",32.67
"2015-02-15",29.43
"2015-02-16",35.53
"2015-02-17",42.94
"2015-02-18",43.2
"2015-02-19",38.14
"2015-02-20",30.78
"2015-02-21",30.34
"2015-02-22",33.52
"2015-02-23",31.68
"2015-02-24",34.64
"2015-02-25",44.28
"2015-02-26",37.3
"2015-02-27",38.86
"2015-02-28",29.51
"2015-03-01",10.75
"2015-03-02",26.74
"2015-03-03",27.21
"2015-03-04",26.14
"2015-03-05",36.37
"2015-03-06",39.94
"2015-03-07",28.68
"2015-03-08",22.48
"2015-03-09",38.93
"2015-03-10",37.9
"2015-03-11",34.85
"2015-03-12",39.46
"2015-03-13",36.67
"2015-03-14",31.95
"2015-03-15",27.55
"2015-03-16",30.84
"2015-03-17",31.93
"2015-03-18",36.43
"2015-03-19",37.23
"2015-03-20",35.3
"2015-03-21",30.97
"2015-03-22",25.98
"2015-03-23",41.2
"2015-03-24",48.28
"2015-03-25",39.54
"2015-03-26",40.73
"2015-03-27",33.69
"2015-03-28",27.06
"2015-03-29",11.84
"2015-03-30",16.05
"2015-03-31",17.85
"2015-04-01",19.1
"2015-04-02",32.25
"2015-04-03",23.71
"2015-04-04",27.98
"2015-04-05",25.4
"2015-04-06",25.84
"2015-04-07",36.37
"2015-04-08",41.98
"2015-04-09",42.37
"2015-04-10",35.53
"2015-04-11",23.55
"2015-04-12",-0.8
"2015-04-13",21.17
"2015-04-14",32.57
"2015-04-15",26.96
"2015-04-16",34.29
"2015-04-17",37.29
"2015-04-18",26.86
"2015-04-19",23.27
"2015-04-20",32.69
"2015-04-21",30.41
"2015-04-22",35.7
"2015-04-23",34.71
"2015-04-24",33.41
"2015-04-25",26.61
"2015-04-26",22.97
"2015-04-27",35.04
"2015-04-28",37.13
"2015-04-29",32.37
"2015-04-30",34.98
"2015-05-01",23.21
"2015-05-02",26.11
"2015-05-03",17.13
"2015-05-04",30.85
"2015-05-05",26.77
"2015-05-06",26.0
"2015-05-07",27.87
"2015-05-08",29.88
"2015-05-09",17.28
"2015-05-10",2.39
"2015-05-11",29.24
"2015-05-12",29.36
"2015-05-13",26.4
"2015-05-14",20.21
"2015-05-15",30.58
"2015-05-16",20.49
"2015-05-17",12.27
"2015-05-18",30.08
"2015-05-19",28.75
"2015-05-20",34.77
"2015-05-21",33.99
"2015-05-22",31.19
"2015-05-23",24.42
"2015-05-24",19.72
"2015-05-25",23.52
"2015-05-26",33.2
"2015-05-27",31.96
"2015-05-28",30.49
"2015-05-29",31.12
"2015-05-30",21.55
"2015-05-31",15.3
"2015-06-01",31.44
"2015-06-02",22.03
"2015-06-03",27.75
"2015-06-04",28.93
"2015-06-05",29.61
"2015-06-06",23.63
"2015-06-07",18.01
"2015-06-08",30.64
"2015-06-09",33.78
"2015-06-10",32.43
"2015-06-11",35.76
"2015-06-12",35.2
"2015-06-13",26.51
"2015-06-14",18.49
"2015-06-15",31.9
"2015-06-16",37.47
"2015-06-17",31.36
"2015-06-18",32.57
"2015-06-19",32.4
"2015-06-20",28.08
"2015-06-21",23.47
"2015-06-22",33.25
"2015-06-23",31.87
"2015-06-24",30.59
"2015-06-25",36.47
"2015-06-26",36.27
"2015-06-27",29.38
"2015-06-28",20.99
"2015-06-29",36.12
"2015-06-30",35.55
"2015-07-01",33.58
"2015-07-02",33.9
"2015-07-03",44.76
"2015-07-04",33.62
"2015-07-05",28.28
"2015-07-06",37.05
"2015-07-07",49.02
"2015-07-08",29.57
"2015-07-09",28.7
"2015-07-10",32.14
"2015-07-11",33.21
"2015-07-12",27.9
"2015-07-13",40.98
"2015-07-14",41.61
"2015-07-15",47.73
"2015-07-16",45.59
"2015-07-17",38.05
"2015-07-18",37.64
"2015-07-19",29.84
"2015-07-20",41.77
"2015-07-21",45.6
"2015-07-22",46.7
"2015-07-23",47.18
"2015-07-24",45.5
"2015-07-25",15.83
"2015-07-26",11.04
"2015-07-27",31.11
"2015-07-28",24.56
"2015-07-29",27.4
"2015-07-30",24.5
"2015-07-31",30.52
"2015-08-01",22.4
"2015-08-02",17.29
"2015-08-03",28.93
"2015-08-04",33.2
"2015-08-05",34.81
"2015-08-06",34.44
"2015-08-07",34.22
"2015-08-08",28.29
"2015-08-09",26.99
"2015-08-10",34.31
"2015-08-11",38.79
"2015-08-12",37.59
"2015-08-13",34.21
"2015-08-14",30.47
"2015-08-15",32.38
"2015-08-16",30.07
"2015-08-17",40.45
"2015-08-18",37.58
"2015-08-19",39.46
"2015-08-20",37.35
"2015-08-21",31.91
"2015-08-22",27.52
"2015-08-23",16.87
"2015-08-24",30.91
"2015-08-25",26.0
"2015-08-26",29.31
"2015-08-27",30.89
"2015-08-28",41.0
"2015-08-29",30.04
"2015-08-30",26.6
"2015-08-31",35.5
"2015-09-01",39.14
"2015-09-02",37.62
"2015-09-03",40.76
"2015-09-04",33.02
"2015-09-05",19.74
"2015-09-06",1.51
"2015-09-07",32.52
"2015-09-08",35.47
"2015-09-09",34.53
"2015-09-10",33.75
"2015-09-11",33.47
"2015-09-12",30.63
"2015-09-13",25.97
"2015-09-14",33.91
"2015-09-15",28.25
"2015-09-16",33.93
"2015-09-17",27.7
"2015-09-18",36.47
"2015-09-19",30.54
"2015-09-20",21.88
"2015-09-21",36.72
"2015-09-22",33.44
"2015-09-23",43.25
"2015-09-24",32.02
"2015-09-25",35.38
"2015-09-26",32.94
"2015-09-27",26.01
"2015-09-28",34.47
"2015-09-29",34.37
"2015-09-30",37.02
"2015-10-01",39.02
"2015-10-02",37.98
"2015-10-03",28.85
"2015-10-04",31.18
"2015-10-05",39.3
"2015-10-06",37.23
"2015-10-07",40.48
"2015-10-08",47.14
"2015-10-09",44.34
"2015-10-10",33.64
"2015-10-11",21.91
"2015-10-12",34.84
"2015-10-13",42.15
"2015-10-14",44.7
"2015-10-15",39.85
"2015-10-16",47.34
"2015-10-17",40.46
"2015-10-18",37.48
"2015-10-19",50.72
"2015-10-20",48.4
"2015-10-21",41.7
"2015-10-22",37.21
"2015-10-23",37.78
"2015-10-24",32.81
"2015-10-25",33.67
"2015-10-26",39.52
"2015-10-27",40.37
"2015-10-28",42.2
"2015-10-29",49.64
"2015-10-30",43.2
"2015-10-31",35.73
"2015-11-01",31.57
"2015-11-02",39.96
"2015-11-03",41.65
"2015-11-04",42.31
"2015-11-05",43.97
"2015-11-06",36.67
"2015-11-07",29.45
"2015-11-08",20.64
"2015-11-09",28.68
"2015-11-10",28.84
"2015-11-11",35.08
"2015-11-12",36.45
"2015-11-13",32.09
"2015-11-14",20.69
"2015-11-15",23.83
"2015-11-16",30.51
"2015-11-17",31.72
"2015-11-18",20.44
"2015-11-19",24.85
"2015-11-20",38.17
"2015-11-21",29.74
"2015-11-22",26.02
"2015-11-23",49.43
"2015-11-24",35.21
"2015-11-25",41.73
"2015-11-26",51.27
"2015-11-27",36.77
"2015-11-28",27.87
"2015-11-29",10.81
"2015-11-30",25.28
"2015-12-01",35.67
"2015-12-02",36.4
"2015-12-03",42.53
"2015-12-04",30.73
"2015-12-05",23.5
"2015-12-06",17.56
"2015-12-07",40.61
"2015-12-08",34.73
"2015-12-09",34.95
"2015-12-10",29.46
"2015-12-11",26.4
"2015-12-12",25.82
"2015-12-13",27.1
"2015-12-14",41.94
"2015-12-15",42.61
"2015-12-16",36.97
"2015-12-17",32.47
"2015-12-18",32.64
"2015-12-19",26.87
"2015-12-20",17.33
"2015-12-21",24.98
"2015-12-22",16.97
"2015-12-23",19.51
"2015-12-24",17.27
"2015-12-25",13.3
"2015-12-26",6.79
"2015-12-27",15.53
"2015-12-28",30.81
"2015-12-29",30.96
"2015-12-30",26.86
"2015-12-31",21.92
"2016-01-01",24.95
"2016-01-02",18.14
"2016-01-03",14.15
"2016-01-04",27.47
"2016-01-05",33.39
"2016-01-06",33.61
"2016-01-07",33.4
"2016-01-08",26.97
"2016-01-09",28.9
"2016-01-10",20.56
"2016-01-11",33.62
"2016-01-12",29.45
"2016-01-13",29.16
"2016-01-14",33.59
"2016-01-15",35.4
"2016-01-16",28.32
"2016-01-17",27.57
"2016-01-18",38.87
"2016-01-19",48.2
"2016-01-20",48.73
"2016-01-21",52.18
"2016-01-22",33.29
"2016-01-23",28.28
"2016-01-24",26.32
"2016-01-25",28.34
"2016-01-26",25.51
"2016-01-27",19.2
"2016-01-28",25.8
"2016-01-29",22.65
"2016-01-30",12.05
"2016-01-31",12.05
"2016-02-01",21.25
"2016-02-02",16.57
"2016-02-03",22.87
"2016-02-04",26.36
"2016-02-05",27.86
"2016-02-06",16.3
"2016-02-07",9.77
"2016-02-08",13.64
"2016-02-09",16.15
"2016-02-10",24.33
"2016-02-11",25.72
"2016-02-12",28.59
"2016-02-13",22.94
"2016-02-14",15.37
"2016-02-15",24.53
"2016-02-16",32.37
"2016-02-17",26.09
"2016-02-18",27.86
"2016-02-19",27.36
"2016-02-20",14.19
"2016-02-21",8.92
"2016-02-22",19.19
"2016-02-23",24.52
"2016-02-24",23.95
"2016-02-25",27.88
"2016-02-26",27.83
"2016-02-27",23.0
"2016-02-28",18.34
"2016-02-29",23.94
"2016-03-01",25.0
"2016-03-02",24.05
"2016-03-03",28.19
"2016-03-04",24.88
"2016-03-05",23.13
"2016-03-06",21.33
"2016-03-07",29.42
"2016-03-08",28.36
"2016-03-09",25.75
"2016-03-10",26.16
"2016-03-11",27.92
"2016-03-12",27.81
"2016-03-13",22.93
"2016-03-14",27.45
"2016-03-15",27.15
"2016-03-16",25.41
"2016-03-17",27.63
"2016-03-18",25.24
"2016-03-19",24.55
"2016-03-20",17.88
"2016-03-21",25.3
"2016-03-22",28.42
"2016-03-23",26.44
"2016-03-24",27.78
"2016-03-25",25.45
"2016-03-26",20.09
"2016-03-27",10.23
"2016-03-28",1.52
"2016-03-29",22.07
"2016-03-30",27.19
"2016-03-31",27.94
"2016-04-01",27.6
"2016-04-02",21.5
"2016-04-03",17.69
"2016-04-04",27.14
"2016-04-05",26.87
"2016-04-06",22.62
"2016-04-07",22.82
"2016-04-08",28.35
"2016-04-09",24.14
"2016-04-10",19.31
"2016-04-11",23.59
"2016-04-12",28.36
"2016-04-13",28.54
"2016-04-14",26.74
"2016-04-15",25.24
"2016-04-16",18.89
"2016-04-17",18.51
"2016-04-18",23.93
"2016-04-19",20.54
"2016-04-20",23.91
"2016-04-21",26.59
"2016-04-22",25.75
"2016-04-23",22.6
"2016-04-24",15.55
"2016-04-25",26.49
"2016-04-26",26.99
"2016-04-27",26.09
"2016-04-28",29.9
"2016-04-29",25.65
"2016-04-30",24.52
"2016-05-01",18.63
"2016-05-02",27.83
"2016-05-03",28.27
"2016-05-04",27.36
"2016-05-05",19.45
"2016-05-06",22.54
"2016-05-07",14.77
"2016-05-08",-12.89
"2016-05-09",21.56
"2016-05-10",27.03
"2016-05-11",25.07
"2016-05-12",25.3
"2016-05-13",27.36
"2016-05-14",12.85
"2016-05-15",7.4
"2016-05-16",20.79
"2016-05-17",30.3
"2016-05-18",30.63
"2016-05-19",33.36
"2016-05-20",27.66
"2016-05-21",21.82
"2016-05-22",5.65
"2016-05-23",29.23
"2016-05-24",29.41
"2016-05-25",30.52
"2016-05-26",27.55
"2016-05-27",28.67
"2016-05-28",23.72
"2016-05-29",13.47
"2016-05-30",24.81
"2016-05-31",28.67
"2016-06-01",30.47
"2016-06-02",28.78
"2016-06-03",29.08
"2016-06-04",25.15
"2016-06-05",20.32
"2016-06-06",30.52
"2016-06-07",29.12
"2016-06-08",29.08
"2016-06-09",30.68
"2016-06-10",26.19
"2016-06-11",26.38
"2016-06-12",22.42
"2016-06-13",29.3
"2016-06-14",30.14
"2016-06-15",30.58
"2016-06-16",30.58
"2016-06-17",28.04
"2016-06-18",21.98
"2016-06-19",17.4
"2016-06-20",26.96
"2016-06-21",33.09
"2016-06-22",32.45
"2016-06-23",29.41
"2016-06-24",30.58
"2016-06-25",27.98
"2016-06-26",16.33
"2016-06-27",27.77
"2016-06-28",33.08
"2016-06-29",27.33
"2016-06-30",29.63
"2016-07-01",27.11
"2016-07-02",21.06
"2016-07-03",14.24
"2016-07-04",30.83
"2016-07-05",26.98
"2016-07-06",16.21
"2016-07-07",29.58
"2016-07-08",28.66
"2016-07-09",20.47
"2016-07-10",15.29
"2016-07-11",25.23
"2016-07-12",29.87
"2016-07-13",32.58
"2016-07-14",25.2
"2016-07-15",26.0
"2016-07-16",24.84
"2016-07-17",21.49
"2016-07-18",29.83
"2016-07-19",32.43
"2016-07-20",29.44
"2016-07-21",32.78
"2016-07-22",31.74
"2016-07-23",29.56
"2016-07-24",27.09
"2016-07-25",33.22
"2016-07-26",32.94
"2016-07-27",33.52
"2016-07-28",31.62
"2016-07-29",30.06
"2016-07-30",27.7
"2016-07-31",25.28
"2016-08-01",29.73
"2016-08-02",32.55
"2016-08-03",29.27
"2016-08-04",27.89
"2016-08-05",31.55
"2016-08-06",24.57
"2016-08-07",15.4
"2016-08-08",21.27
"2016-08-09",28.77
"2016-08-10",28.15
"2016-08-11",28.84
"2016-08-12",28.02
"2016-08-13",18.81
"2016-08-14",21.75
"2016-08-15",27.98
"2016-08-16",29.66
"2016-08-17",29.78
"2016-08-18",30.59
"2016-08-19",30.73
"2016-08-20",24.87
"2016-08-21",15.09
"2016-08-22",28.34
"2016-08-23",31.38
"2016-08-24",29.77
"2016-08-25",28.8
"2016-08-26",29.44
"2016-08-27",26.23
"2016-08-28",21.71
"2016-08-29",28.95
"2016-08-30",32.11
"2016-08-31",30.67
"2016-09-01",31.26
"2016-09-02",30.55
"2016-09-03",29.49
"2016-09-04",24.44
"2016-09-05",36.78
"2016-09-06",33.09
"2016-09-07",30.77
"2016-09-08",30.97
"2016-09-09",32.32
"2016-09-10",28.4
"2016-09-11",27.25
"2016-09-12",33.13
"2016-09-13",31.93
"2016-09-14",29.09
"2016-09-15",27.97
"2016-09-16",32.45
"2016-09-17",27.6
"2016-09-18",24.74
"2016-09-19",34.79
"2016-09-20",34.53
"2016-09-21",35.02
"2016-09-22",32.59
"2016-09-23",31.1
"2016-09-24",29.36
"2016-09-25",23.07
"2016-09-26",36.49
"2016-09-27",34.9
"2016-09-28",24.59
"2016-09-29",22.44
"2016-09-30",33.72
"2016-10-01",33.13
"2016-10-02",30.02
"2016-10-03",30.58
"2016-10-04",30.33
"2016-10-05",29.68
"2016-10-06",31.19
"2016-10-07",38.39
"2016-10-08",36.08
"2016-10-09",33.29
"2016-10-10",50.19
"2016-10-11",38.31
"2016-10-12",36.87
"2016-10-13",34.07
"2016-10-14",29.7
"2016-10-15",31.06
"2016-10-16",33.7
"2016-10-17",41.94
"2016-10-18",40.03
"2016-10-19",40.41
"2016-10-20",40.51
"2016-10-21",39.58
"2016-10-22",37.75
"2016-10-23",34.71
"2016-10-24",41.92
"2016-10-25",52.86
"2016-10-26",45.17
"2016-10-27",39.6
"2016-10-28",35.96
"2016-10-29",34.38
"2016-10-30",36.71
"2016-10-31",43.06
"2016-11-01",34.75
"2016-11-02",33.03
"2016-11-03",45.6
"2016-11-04",40.35
"2016-11-05",38.86
"2016-11-06",35.46
"2016-11-07",38.01
"2016-11-08",54.25
"2016-11-09",48.3
"2016-11-10",51.78
"2016-11-11",47.66
"2016-11-12",39.82
"2016-11-13",37.04
"2016-11-14",39.86
"2016-11-15",40.14
"2016-11-16",43.03
"2016-11-17",33.96
"2016-11-18",24.17
"2016-11-19",31.56
"2016-11-20",-0.32
"2016-11-21",33.83
"2016-11-22",38.34
"2016-11-23",45.39
"2016-11-24",39.73
"2016-11-25",42.73
"2016-11-26",38.64
"2016-11-27",31.12
"2016-11-28",40.78
"2016-11-29",42.81
"2016-11-30",36.01
"2016-12-01",27.63
"2016-12-02",38.61
"2016-12-03",40.99
"2016-12-04",38.26
"2016-12-05",48.85
"2016-12-06",58.33
"2016-12-07",37.93
"2016-12-08",30.42
"2016-12-09",35.85
"2016-12-10",32.2
"2016-12-11",28.98
"2016-12-12",47.45
"2016-12-13",49.2
"2016-12-14",60.06
"2016-12-15",49.85
"2016-12-16",53.06
"2016-12-17",46.79
"2016-12-18",43.69
"2016-12-19",57.41
"2016-12-20",48.82
"2016-12-21",40.05
"2016-12-22",45.23
"2016-12-23",38.17
"2016-12-24",8.45
"2016-12-25",-2.7
"2016-12-26",-12.25
"2016-12-27",4.48
"2016-12-28",41.3
"2016-12-29",46.44
"2016-12-30",41.99
"2016-12-31",36.28
"2017-01-01",29.38
"2017-01-02",46.25
"2017-01-03",38.63
"2017-01-04",27.05
"2017-01-05",49.96
"2017-01-06",49.55
"2017-01-07",38.52
"2017-01-08",42.64
"2017-01-09",55.92
"2017-01-10",54.61
"2017-01-11",35.92
"2017-01-12",34.18
"2017-01-13",39.8
"2017-01-14",33.33
"2017-01-15",35.62
"2017-01-16",80.28
"2017-01-17",85.37
"2017-01-18",69.74
"2017-01-19",66.86
"2017-01-20",62.88
"2017-01-21",48.26
"2017-01-22",41.36
"2017-01-23",75.64
"2017-01-24",101.92
"2017-01-25",86.01
"2017-01-26",48.97
"2017-01-27",43.79
"2017-01-28",42.39
"2017-01-29",37.65
"2017-01-30",51.92
"2017-01-31",69.18
"2017-02-01",51.3
"2017-02-02",44.88
"2017-02-03",48.15
"2017-02-04",45.3
"2017-02-05",43.51
"2017-02-06",61.79
"2017-02-07",53.42
"2017-02-08",59.66
"2017-02-09",57.92
"2017-02-10",44.86
"2017-02-11",38.55
"2017-02-12",33.13
"2017-02-13",42.33
"2017-02-14",42.98
"2017-02-15",47.32
"2017-02-16",40.62
"2017-02-17",43.02
"2017-02-18",40.19
"2017-02-19",28.42
"2017-02-20",31.2
"2017-02-21",32.68
"2017-02-22",24.14
"2017-02-23",25.6
"2017-02-24",28.75
"2017-02-25",29.73
"2017-02-26",13.57
"2017-02-27",28.95
"2017-02-28",29.68
"2017-03-01",35.63
"2017-03-02",27.35
"2017-03-03",38.27
"2017-03-04",33.85
"2017-03-05",17.84
"2017-03-06",38.84
"2017-03-07",44.5
"2017-03-08",36.41
"2017-03-09",38.22
"2017-03-10",33.56
"2017-03-11",32.95
"2017-03-12",18.76
"2017-03-13",36.31
"2017-03-14",34.56
"2017-03-15",33.67
"2017-03-16",34.42
"2017-03-17",28.49
"2017-03-18",19.67
"2017-03-19",13.57
"2017-03-20",29.06
"2017-03-21",30.47
"2017-03-22",35.5
"2017-03-23",34.17
"2017-03-24",34.29
"2017-03-25",28.35
"2017-03-26",27.92
"2017-03-27",34.96
"2017-03-28",34.48
"2017-03-29",31.22
"2017-03-30",33.62
"2017-03-31",31.64
"2017-04-01",30.38
"2017-04-02",29.55
"2017-04-03",37.71
"2017-04-04",38.65
"2017-04-05",32.69
"2017-04-06",29.99
"2017-04-07",33.83
"2017-04-08",34.48
"2017-04-09",28.23
"2017-04-10",27.37
"2017-04-11",33.51
"2017-04-12",27.68
"2017-04-13",29.27
"2017-04-14",30.29
"2017-04-15",14.6
"2017-04-16",18.57
"2017-04-17",25.3
"2017-04-18",34.3
"2017-04-19",37.03
"2017-04-20",37.18
"2017-04-21",27.69
"2017-04-22",12.27
"2017-04-23",11.16
"2017-04-24",31.11
"2017-04-25",36.2
"2017-04-26",39.91
"2017-04-27",36.79
"2017-04-28",36.87
"2017-04-29",30.23
"2017-04-30",-6.74
"2017-05-01",-24.27
"2017-05-02",28.87
"2017-05-03",34.49
"2017-05-04",32.78
"2017-05-05",38.05
"2017-05-06",32.78
"2017-05-07",28.05
"2017-05-08",33.51
"2017-05-09",39.76
"2017-05-10",38.83
"2017-05-11",33.93
"2017-05-12",35.62
"2017-05-13",31.99
"2017-05-14",28.03
"2017-05-15",36.43
"2017-05-16",34.23
"2017-05-17",32.52
"2017-05-18",32.74
"2017-05-19",34.47
"2017-05-20",26.47
"2017-05-21",18.78
"2017-05-22",36.05
"2017-05-23",33.47
"2017-05-24",32.22
"2017-05-25",27.9
"2017-05-26",32.52
"2017-05-27",27.02
"2017-05-28",20.36
"2017-05-29",36.91
"2017-05-30",36.84
"2017-05-31",32.96
"2017-06-01",36.26
"2017-06-02",36.45
"2017-06-03",30.5
"2017-06-04",22.76
"2017-06-05",27.96
"2017-06-06",21.53
"2017-06-07",13.31
"2017-06-08",28.79
"2017-06-09",33.38
"2017-06-10",31.03
"2017-06-11",20.91
"2017-06-12",24.69
"2017-06-13",32.75
"2017-06-14",37.42
"2017-06-15",32.19
"2017-06-16",20.2
"2017-06-17",24.47
"2017-06-18",28.75
"2017-06-19",38.08
"2017-06-20",35.56
"2017-06-21",39.53
"2017-06-22",35.57
"2017-06-23",29.95
"2017-06-24",22.15
"2017-06-25",18.63
"2017-06-26",33.03
"2017-06-27",38.85
"2017-06-28",35.28
"2017-06-29",38.08
"2017-06-30",31.99
"2017-07-01",28.44
"2017-07-02",24.18
"2017-07-03",32.42
"2017-07-04",34.89
"2017-07-05",38.84
"2017-07-06",39.36
"2017-07-07",37.32
"2017-07-08",34.4
"2017-07-09",33.13
"2017-07-10",40.05
"2017-07-11",36.58
"2017-07-12",34.64
"2017-07-13",33.87
"2017-07-14",36.81
"2017-07-15",32.5
"2017-07-16",30.42
"2017-07-17",37.45
"2017-07-18",37.66
"2017-07-19",35.91
"2017-07-20",37.23
"2017-07-21",35.93
"2017-07-22",33.32
"2017-07-23",28.77
"2017-07-24",39.34
"2017-07-25",34.14
"2017-07-26",32.8
"2017-07-27",33.74
"2017-07-28",31.36
"2017-07-29",20.43
"2017-07-30",5.15
"2017-07-31",32.21
"2017-08-01",34.74
"2017-08-02",33.05
"2017-08-03",28.07
"2017-08-04",24.56
"2017-08-05",27.99
"2017-08-06",19.53
"2017-08-07",33.26
"2017-08-08",31.29
"2017-08-09",30.27
"2017-08-10",35.51
"2017-08-11",37.73
"2017-08-12",21.68
"2017-08-13",20.14
"2017-08-14",33.08
"2017-08-15",26.63
"2017-08-16",35.89
"2017-08-17",33.48
"2017-08-18",33.68
"2017-08-19",14.72
"2017-08-20",8.7
"2017-08-21",29.3
"2017-08-22",37.22
"2017-08-23",36.57
"2017-08-24",35.65
"2017-08-25",37.85
"2017-08-26",34.33
"2017-08-27",30.45
"2017-08-28",38.66
"2017-08-29",37.62
"2017-08-30",36.19
"2017-08-31",38.46
"2017-09-01",38.8
"2017-09-02",33.93
"2017-09-03",30.83
"2017-09-04",36.55
"2017-09-05",37.66
"2017-09-06",31.87
"2017-09-07",33.4
"2017-09-08",27.24
"2017-09-09",32.15
"2017-09-10",22.97
"2017-09-11",21.47
"2017-09-12",29.43
"2017-09-13",13.61
"2017-09-14",22.69
"2017-09-15",35.03
"2017-09-16",37.03
"2017-09-17",33.39
"2017-09-18",42.07
"2017-09-19",41.33
"2017-09-20",39.15
"2017-09-21",39.26
"2017-09-22",40.07
"2017-09-23",36.24
"2017-09-24",34.95
"2017-09-25",42.36
"2017-09-26",40.44
"2017-09-27",40.88
"2017-09-28",40.3
"2017-09-29",39.72
"2017-09-30",35.62
"2017-10-01",29.81
"2017-10-02",18.31
"2017-10-03",24.48
"2017-10-04",28.61
"2017-10-05",18.03
"2017-10-06",27.25
"2017-10-07",7.55
"2017-10-08",23.45
"2017-10-09",42.39
"2017-10-10",37.32
"2017-10-11",34.26
"2017-10-12",25.38
"2017-10-13",39.55
"2017-10-14",31.5
"2017-10-15",30.75
"2017-10-16",38.55
"2017-10-17",37.54
"2017-10-18",52.55
"2017-10-19",46.35
"2017-10-20",37.76
"2017-10-21",34.24
"2017-10-22",21.85
"2017-10-23",41.42
"2017-10-24",38.13
"2017-10-25",33.77
"2017-10-26",40.43
"2017-10-27",30.45
"2017-10-28",-9.3
"2017-10-29",-52.11
"2017-10-30",31.94
"2017-10-31",36.96
"2017-11-01",30.9
"2017-11-02",34.07
"2017-11-03",50.44
"2017-11-04",34.53
"2017-11-05",30.41
"2017-11-06",51.02
"2017-11-07",52.54
"2017-11-08",67.25
"2017-11-09",51.53
"2017-11-10",31.52
"2017-11-11",23.24
"2017-11-12",33.25
"2017-11-13",45.73
"2017-11-14",40.18
"2017-11-15",64.67
"2017-11-16",47.55
"2017-11-17",42.89
"2017-11-18",19.76
"2017-11-19",9.42
"2017-11-20",38.48
"2017-11-21",49.3
"2017-11-22",31.72
"2017-11-23",23.36
"2017-11-24",42.73
"2017-11-25",40.03
"2017-11-26",18.81
"2017-11-27",29.21
"2017-11-28",37.42
"2017-11-29",71.5
"2017-11-30",67.57
"2017-12-01",61.03
"2017-12-02",40.27
"2017-12-03",33.31
"2017-12-04",34.88
"2017-12-05",35.91
"2017-12-06",31.25
"2017-12-07",34.14
"2017-12-08",30.66
"2017-12-09",15.73
"2017-12-10",17.48
"2017-12-11",41.67
"2017-12-12",34.35
"2017-12-13",26.88
"2017-12-14",31.01
"2017-12-15",46.26
"2017-12-16",37.44
"2017-12-17",35.33
"2017-12-18",55.42
"2017-12-19",60.67
"2017-12-20",61.83
"2017-12-21",43.04
"2017-12-22",39.49
"2017-12-23",11.25
"2017-12-24",-11.78
"2017-12-25",6.8
"2017-12-26",-4.59
"2017-12-27",35.17
"2017-12-28",32.48
"2017-12-29",20.87
"2017-12-30",12.89
"2017-12-31",2.6
"2018-01-01",-25.3
"2018-01-02",33.44
"2018-01-03",8.97
"2018-01-04",29.86
"2018-01-05",31.51
"2018-01-06",36.6
"2018-01-07",23.39
"2018-01-08",30.5
"2018-01-09",30.26
"2018-01-10",41.33
"2018-01-11",47.73
"2018-01-12",41.88
"2018-01-13",33.78
"2018-01-14",28.64
"2018-01-15",26.57
"2018-01-16",27.22
"2018-01-17",29.04
"2018-01-18",30.32
"2018-01-19",40.48
"2018-01-20",35.87
"2018-01-21",34.61
"2018-01-22",37.9
"2018-01-23",37.28
"2018-01-24",23.88
"2018-01-25",32.97
"2018-01-26",45.15
"2018-01-27",32.81
"2018-01-28",5.11
"2018-01-29",16.49
"2018-01-30",35.81
"2018-01-31",29.22
"2018-02-01",33.98
"2018-02-02",40.48
"2018-02-03",40.28
"2018-02-04",33.56
"2018-02-05",45.11
"2018-02-06",47.12
"2018-02-07",47.23
"2018-02-08",49.86
"2018-02-09",40.8
"2018-02-10",39.38
"2018-02-11",11.48
"2018-02-12",32.82
"2018-02-13",39.6
"2018-02-14",39.86
"2018-02-15",34.16
"2018-02-16",40.39
"2018-02-17",40.69
"2018-02-18",36.58
"2018-02-19",50.3
"2018-02-20",49.05
"2018-02-21",46.75
"2018-02-22",47.42
"2018-02-23",44.27
"2018-02-24",23.93
"2018-02-25",35.12
"2018-02-26",46.7
"2018-02-27",48.61
"2018-02-28",37.7
"2018-03-01",30.02
"2018-03-02",40.42
"2018-03-03",34.49
"2018-03-04",31.33
"2018-03-05",49.06
"2018-03-06",49.92
"2018-03-07",48.38
"2018-03-08",37.53
"2018-03-09",37.08
"2018-03-10",34.76
"2018-03-11",28.72
"2018-03-12",41.22
"2018-03-13",39.86
"2018-03-14",46.78
"2018-03-15",24.63
"2018-03-16",29.32
"2018-03-17",3.98
"2018-03-18",1.79
"2018-03-19",49.12
"2018-03-20",42.94
"2018-03-21",51.83
"2018-03-22",43.59
"2018-03-23",52.89
"2018-03-24",41.4
"2018-03-25",37.73
"2018-03-26",52.82
"2018-03-27",45.07
"2018-03-28",40.53
"2018-03-29",38.09
"2018-03-30",29.39
"2018-03-31",23.59
"2018-04-01",24.17
"2018-04-02",27.61
"2018-04-03",34.42
"2018-04-04",36.53
"2018-04-05",32.56
"2018-04-06",35.2
"2018-04-07",16.48
"2018-04-08",22.98
"2018-04-09",42.61
"2018-04-10",36.03
"2018-04-11",31.52
"2018-04-12",29.84
"2018-04-13",38.53
"2018-04-14",35.3
"2018-04-15",31.65
"2018-04-16",46.63
"2018-04-17",43.8
"2018-04-18",41.06
"2018-04-19",39.84
"2018-04-20",38.63
"2018-04-21",30.0
"2018-04-22",18.59
"2018-04-23",32.56
"2018-04-24",34.32
"2018-04-25",27.29
"2018-04-26",30.45
"2018-04-27",39.64
"2018-04-28",29.09
"2018-04-29",21.39
"2018-04-30",12.95
"2018-05-01",-5.7
"2018-05-02",39.95
"2018-05-03",39.99
"2018-05-04",40.51
"2018-05-05",28.41
"2018-05-06",19.68
"2018-05-07",34.4
"2018-05-08",27.47
"2018-05-09",36.62
"2018-05-10",25.23
"2018-05-11",42.2
"2018-05-12",32.5
"2018-05-13",16.65
"2018-05-14",34.7
"2018-05-15",42.43
"2018-05-16",41.6
"2018-05-17",35.39
"2018-05-18",39.11
"2018-05-19",36.36
"2018-05-20",16.68
"2018-05-21",5.66
"2018-05-22",42.76
"2018-05-23",42.33
"2018-05-24",38.95
"2018-05-25",40.36
"2018-05-26",37.08
"2018-05-27",32.88
"2018-05-28",43.8
"2018-05-29",42.91
"2018-05-30",46.68
"2018-05-31",42.25
"2018-06-01",51.3
"2018-06-02",40.22
"2018-06-03",32.49
"2018-06-04",46.84
"2018-06-05",51.01
"2018-06-06",49.69
"2018-06-07",49.61
"2018-06-08",49.4
"2018-06-09",42.47
"2018-06-10",39.33
"2018-06-11",48.53
"2018-06-12",49.73
"2018-06-13",48.15
"2018-06-14",43.65
"2018-06-15",49.45
"2018-06-16",40.21
"2018-06-17",24.34
"2018-06-18",44.37
"2018-06-19",46.52
"2018-06-20",46.8
"2018-06-21",30.24
"2018-06-22",20.73
"2018-06-23",23.89
"2018-06-24",31.93
"2018-06-25",45.2
"2018-06-26",49.27
"2018-06-27",47.49
"2018-06-28",44.89
"2018-06-29",44.32
"2018-06-30",40.66
"2018-07-01",28.92
"2018-07-02",48.07
"2018-07-03",49.76
"2018-07-04",53.21
"2018-07-05",51.81
"2018-07-06",47.81
"2018-07-07",32.89
"2018-07-08",34.26
"2018-07-09",46.6
"2018-07-10",52.95
"2018-07-11",52.5
"2018-07-12",53.31
"2018-07-13",50.83
"2018-07-14",48.18
"2018-07-15",45.87
"2018-07-16",53.8
"2018-07-17",52.14
"2018-07-18",49.75
"2018-07-19",51.65
"2018-07-20",53.54
"2018-07-21",50.17
"2018-07-22",46.25
"2018-07-23",55.02
"2018-07-24",56.64
"2018-07-25",58.41
"2018-07-26",55.07
"2018-07-27",53.63
"2018-07-28",46.4
"2018-07-29",44.87
"2018-07-30",55.19
"2018-07-31",56.33
"2018-08-01",56.32
"2018-08-02",59.48
"2018-08-03",62.72
"2018-08-04",51.12
"2018-08-05",50.48
"2018-08-06",62.69
"2018-08-07",64.68
"2018-08-08",56.11
"2018-08-09",55.06
"2018-08-10",44.94
"2018-08-11",44.52
"2018-08-12",42.65
"2018-08-13",55.99
"2018-08-14",55.06
"2018-08-15",53.45
"2018-08-16",56.04
"2018-08-17",57.95
"2018-08-18",53.77
"2018-08-19",49.77
"2018-08-20",57.22
"2018-08-21",66.45
"2018-08-22",65.4
"2018-08-23",63.87
"2018-08-24",57.6
"2018-08-25",53.65
"2018-08-26",48.5
"2018-08-27",45.57
"2018-08-28",66.07
"2018-08-29",62.87
"2018-08-30",57.4
"2018-08-31",64.48
"2018-09-01",59.76
"2018-09-02",52.94
"2018-09-03",63.55
"2018-09-04",66.58
"2018-09-05",66.64
"2018-09-06",65.33
"2018-09-07",62.43
"2018-09-08",50.11
"2018-09-09",49.16
"2018-09-10",64.31
"2018-09-11",57.8
"2018-09-12",63.78
"2018-09-13",71.52
"2018-09-14",64.84
"2018-09-15",51.79
"2018-09-16",47.34
"2018-09-17",62.41
"2018-09-18",57.96
"2018-09-19",57.6
"2018-09-20",58.06
"2018-09-21",40.8
"2018-09-22",25.41
"2018-09-23",44.15
"2018-09-24",38.88
"2018-09-25",62.34
"2018-09-26",45.38
"2018-09-27",53.89
"2018-09-28",51.97
"2018-09-29",46.49
"2018-09-30",41.74
"2018-10-01",61.24
"2018-10-02",42.34
"2018-10-03",18.29
"2018-10-04",65.15
"2018-10-05",60.3
"2018-10-06",57.91
"2018-10-07",54.92
"2018-10-08",63.88
"2018-10-09",71.57
"2018-10-10",62.17
"2018-10-11",54.35
"2018-10-12",56.77
"2018-10-13",44.88
"2018-10-14",28.09
"2018-10-15",59.45
"2018-10-16",72.0
"2018-10-17",70.91
"2018-10-18",63.16
"2018-10-19",67.61
"2018-10-20",59.38
"2018-10-21",55.51
"2018-10-22",56.13
"2018-10-23",34.62
"2018-10-24",44.57
"2018-10-25",48.74
"2018-10-26",58.53
"2018-10-27",48.12
"2018-10-28",43.46
"2018-10-29",43.97
"2018-10-30",33.67
"2018-10-31",45.14
"2018-11-01",47.91
"2018-11-02",54.77
"2018-11-03",52.04
"2018-11-04",47.47
"2018-11-05",57.19
"2018-11-06",58.55
"2018-11-07",56.01
"2018-11-08",62.87
"2018-11-09",59.51
"2018-11-10",43.07
"2018-11-11",39.73
"2018-11-12",54.9
"2018-11-13",53.11
"2018-11-14",61.87
"2018-11-15",63.48
"2018-11-16",57.77
"2018-11-17",48.21
"2018-11-18",47.6
"2018-11-19",48.22
"2018-11-20",46.65
"2018-11-21",55.36
"2018-11-22",77.8
"2018-11-23",80.33
"2018-11-24",61.95
"2018-11-25",53.85
"2018-11-26",73.67
"2018-11-27",75.51
"2018-11-28",52.99
"2018-11-29",50.4
"2018-11-30",57.5
"2018-12-01",46.86
"2018-12-02",30.2
"2018-12-03",44.62
"2018-12-04",50.65
"2018-12-05",59.21
"2018-12-06",54.75
"2018-12-07",42.58
"2018-12-08",11.87
"2018-12-09",8.92
"2018-12-10",36.16
"2018-12-11",55.37
"2018-12-12",69.91
"2018-12-13",66.24
"2018-12-14",71.16
"2018-12-15",54.41
"2018-12-16",49.71
"2018-12-17",69.39
"2018-12-18",59.45
"2018-12-19",56.44
"2018-12-20",56.69
"2018-12-21",49.62
"2018-12-22",36.62
"2018-12-23",42.67
"2018-12-24",46.83
"2018-12-25",19.01
"2018-12-26",47.4
"2018-12-27",60.01
"2018-12-28",59.8
"2018-12-29",47.34
"2018-12-30",33.53
"2018-12-31",54.69
"2019-01-01",-4.3
"2019-01-02",25.92
"2019-01-03",57.72
"2019-01-04",49.91
"2019-01-05",42.18
"2019-01-06",54.55
"2019-01-07",51.81
"2019-01-08",34.5
"2019-01-09",40.0
"2019-01-10",67.67
"2019-01-11",49.92
"2019-01-12",40.8
"2019-01-13",15.1
"2019-01-14",32.61
"2019-01-15",45.45
"2019-01-16",45.2
"2019-01-17",42.84
"2019-01-18",61.73
"2019-01-19",55.39
"2019-01-20",53.89
"2019-01-21",69.9
"2019-01-22",63.0
"2019-01-23",75.08
"2019-01-24",85.8
"2019-01-25",66.5
"2019-01-26",49.09
"2019-01-27",35.44
"2019-01-28",50.4
"2019-01-29",60.19
"2019-01-30",53.07
"2019-01-31",59.84
"2019-02-01",55.48
"2019-02-02",50.19
"2019-02-03",46.72
"2019-02-04",44.05
"2019-02-05",53.79
"2019-02-06",51.32
"2019-02-07",44.55
"2019-02-08",41.62
"2019-02-09",6.81
"2019-02-10",28.03
"2019-02-11",31.97
"2019-02-12",46.74
"2019-02-13",45.38
"2019-02-14",49.09
"2019-02-15",47.62
"2019-02-16",39.22
"2019-02-17",39.05
"2019-02-18",46.4
"2019-02-19",41.31
"2019-02-20",45.6
"2019-02-21",43.23
"2019-02-22",47.2
"2019-02-23",40.14
"2019-02-24",39.99
"2019-02-25",44.41
"2019-02-26",44.6
"2019-02-27",44.21
"2019-02-28",40.26
"2019-03-01",45.85
"2019-03-02",41.25
"2019-03-03",10.22
"2019-03-04",13.31
"2019-03-05",31.34
"2019-03-06",34.77
"2019-03-07",29.02
"2019-03-08",26.39
"2019-03-09",7.98
"2019-03-10",17.51
"2019-03-11",38.67
"2019-03-12",36.59
"2019-03-13",18.05
"2019-03-14",32.54
"2019-03-15",25.21
"2019-03-16",17.22
"2019-03-17",0.43
"2019-03-18",31.92
"2019-03-19",45.34
"2019-03-20",41.5
"2019-03-21",39.79
"2019-03-22",40.57
"2019-03-23",35.61
"2019-03-24",33.46
"2019-03-25",32.29
"2019-03-26",36.5
"2019-03-27",40.19
"2019-03-28",42.32
"2019-03-29",39.85
"2019-03-30",35.04
"2019-03-31",28.63
"2019-04-01",38.01
"2019-04-02",33.85
"2019-04-03",42.24
"2019-04-04",42.02
"2019-04-05",42.28
"2019-04-06",38.33
"2019-04-07",37.98
"2019-04-08",44.4
"2019-04-09",41.99
"2019-04-10",42.82
"2019-04-11",44.74
"2019-04-12",44.9
"2019-04-13",41.42
"2019-04-14",37.25
"2019-04-15",41.83
"2019-04-16",41.62
"2019-04-17",40.81
"2019-04-18",40.84
"2019-04-19",33.84
"2019-04-20",34.52
"2019-04-21",31.6
"2019-04-22",-14.01
"2019-04-23",14.75
"2019-04-24",34.7
"2019-04-25",39.31
"2019-04-26",43.54
"2019-04-27",31.99
"2019-04-28",35.09
"2019-04-29",43.15
"2019-04-30",42.87
"2019-05-01",25.47
"2019-05-02",37.94
"2019-05-03",40.7
"2019-05-04",39.51
"2019-05-05",30.49
"2019-05-06",44.29
"2019-05-07",50.47
"2019-05-08",39.47
"2019-05-09",45.25
"2019-05-10",44.79
"2019-05-11",37.61
"2019-05-12",19.42
"2019-05-13",39.23
"2019-05-14",41.01
"2019-05-15",40.85
"2019-05-16",39.73
"2019-05-17",42.95
"2019-05-18",37.19
"2019-05-19",35.36
"2019-05-20",46.29
"2019-05-21",43.29
"2019-05-22",40.09
"2019-05-23",40.67
"2019-05-24",40.46
"2019-05-25",36.68
"2019-05-26",21.6
"2019-05-27",35.35
"2019-05-28",43.33
"2019-05-29",41.76
"2019-05-30",16.09
"2019-05-31",35.81
"2019-06-01",29.96
"2019-06-02",21.87
"2019-06-03",36.9
"2019-06-04",38.99
"2019-06-05",37.93
"2019-06-06",36.48
"2019-06-07",37.61
"2019-06-08",-42.24
"2019-06-09",22.5
"2019-06-10",31.37
"2019-06-11",44.67
"2019-06-12",44.0
"2019-06-13",38.51
"2019-06-14",41.62
"2019-06-15",30.58
"2019-06-16",31.15
"2019-06-17",41.66
"2019-06-18",42.28
"2019-06-19",41.2
"2019-06-20",36.39
"2019-06-21",38.69
"2019-06-22",31.63
"2019-06-23",20.92
"2019-06-24",34.47
"2019-06-25",40.52
"2019-06-26",38.56
"2019-06-27",35.47
"2019-06-28",43.45
"2019-06-29",33.25
"2019-06-30",15.13
"2019-07-01",32.96
"2019-07-02",33.35
"2019-07-03",34.66
"2019-07-04",33.98
"2019-07-05",35.26
"2019-07-06",29.76
"2019-07-07",24.66
"2019-07-08",35.69
"2019-07-09",37.39
"2019-07-10",41.47
"2019-07-11",45.91
"2019-07-12",45.24
"2019-07-13",37.24
"2019-07-14",35.61
"2019-07-15",41.56
"2019-07-16",42.89
"2019-07-17",45.88
"2019-07-18",43.93
"2019-07-19",44.81
"2019-07-20",35.09
"2019-07-21",31.53
"2019-07-22",42.62
"2019-07-23",46.6
"2019-07-24",50.64
"2019-07-25",50.23
"2019-07-26",44.5
"2019-07-27",36.16
"2019-07-28",32.09
"2019-07-29",45.5
"2019-07-30",44.53
"2019-07-31",48.46
"2019-08-01",44.66
"2019-08-02",43.7
"2019-08-03",36.37
"2019-08-04",35.15
"2019-08-05",46.28
"2019-08-06",42.06
"2019-08-07",40.87
"2019-08-08",34.72
"2019-08-09",38.69
"2019-08-10",12.44
"2019-08-11",14.35
"2019-08-12",41.24
"2019-08-13",38.04
"2019-08-14",38.77
"2019-08-15",30.5
"2019-08-16",35.69
"2019-08-17",26.22
"2019-08-18",27.69
"2019-08-19",34.43
"2019-08-20",39.8
"2019-08-21",41.68
"2019-08-22",36.31
"2019-08-23",37.32
"2019-08-24",32.29
"2019-08-25",30.64
"2019-08-26",45.66
"2019-08-27",46.42
"2019-08-28",50.83
"2019-08-29",44.49
"2019-08-30",41.34
"2019-08-31",33.66
"2019-09-01",30.11
"2019-09-02",39.18
"2019-09-03",35.4
"2019-09-04",34.0
"2019-09-05",31.72
"2019-09-06",32.45
"2019-09-07",35.94
"2019-09-08",36.87
"2019-09-09",45.51
"2019-09-10",36.82
"2019-09-11",33.93
"2019-09-12",37.78
"2019-09-13",39.02
"2019-09-14",36.2
"2019-09-15",23.76
"2019-09-16",47.15
"2019-09-17",33.87
"2019-09-18",36.48
"2019-09-19",43.78
"2019-09-20",42.7
"2019-09-21",34.65
"2019-09-22",29.64
"2019-09-23",44.13
"2019-09-24",47.45
"2019-09-25",46.74
"2019-09-26",41.57
"2019-09-27",38.44
"2019-09-28",24.1
"2019-09-29",11.06
"2019-09-30",22.1
"2019-10-01",42.55
"2019-10-02",40.86
"2019-10-03",40.07
"2019-10-04",43.68
"2019-10-05",36.89
"2019-10-06",31.99
"2019-10-07",44.63
"2019-10-08",34.86
"2019-10-09",35.2
"2019-10-10",30.46
"2019-10-11",25.97
"2019-10-12",19.73
"2019-10-13",22.14
"2019-10-14",35.56
"2019-10-15",43.63
"2019-10-16",39.46
"2019-10-17",43.77
"2019-10-18",35.35
"2019-10-19",33.09
"2019-10-20",34.83
"2019-10-21",43.72
"2019-10-22",46.83
"2019-10-23",43.51
"2019-10-24",38.61
"2019-10-25",36.11
"2019-10-26",20.21
"2019-10-27",20.76
"2019-10-28",42.44
"2019-10-29",48.11
"2019-10-30",48.02
"2019-10-31",42.63
"2019-11-01",32.27
"2019-11-02",27.48
"2019-11-03",26.69
"2019-11-04",38.7
"2019-11-05",42.7
"2019-11-06",51.79
"2019-11-07",42.72
"2019-11-08",47.12
"2019-11-09",41.69
"2019-11-10",40.97
"2019-11-11",41.11
"2019-11-12",42.2
"2019-11-13",47.08
"2019-11-14",45.32
"2019-11-15",37.9
"2019-11-16",38.1
"2019-11-17",36.82
"2019-11-18",41.36
"2019-11-19",46.49
"2019-11-20",53.25
"2019-11-21",50.09
"2019-11-22",43.58
"2019-11-23",30.58
"2019-11-24",33.47
"2019-11-25",51.12
"2019-11-26",47.36
"2019-11-27",39.5
"2019-11-28",30.49
"2019-11-29",40.08
"2019-11-30",42.01
"2019-12-01",42.45
"2019-12-02",46.18
"2019-12-03",51.36
"2019-12-04",47.94
"2019-12-05",41.82
"2019-12-06",31.1
"2019-12-07",24.91
"2019-12-08",-16.38
"2019-12-09",23.37
"2019-12-10",40.17
"2019-12-11",38.12
"2019-12-12",44.62
"2019-12-13",36.53
"2019-12-14",23.23
"2019-12-15",12.68
"2019-12-16",40.84
"2019-12-17",36.72
"2019-12-18",40.2
"2019-12-19",34.65
"2019-12-20",29.41
"2019-12-21",28.11
"2019-12-22",26.48
"2019-12-23",24.5
"2019-12-24",20.52
"2019-12-25",27.25
"2019-12-26",33.63
"2019-12-27",37.82
"2019-12-28",34.29
"2019-12-29",30.17
"2019-12-30",25.57
"2019-12-31",32.74
"2020-01-01",34.96
"2020-01-02",38.87
"2020-01-03",26.11
"2020-01-04",20.32
"2020-01-05",35.55
"2020-01-06",38.13
"2020-01-07",40.52
"2020-01-08",33.58
"2020-01-09",36.25
"2020-01-10",34.8
"2020-01-11",31.86
"2020-01-12",22.64
"2020-01-13",37.68
"2020-01-14",23.36
"2020-01-15",24.96
"2020-01-16",38.17
"2020-01-17",36.89
"2020-01-18",31.85
"2020-01-19",33.89
"2020-01-20",44.53
"2020-01-21",41.6
"2020-01-22",45.9
"2020-01-23",51.54
"2020-01-24",50.24
"2020-01-25",40.35
"2020-01-26",33.89
"2020-01-27",37.49
"2020-01-28",31.61
"2020-01-29",33.22
"2020-01-30",32.82
"2020-01-31",22.48
"2020-02-01",6.84
"2020-02-02",16.99
"2020-02-03",27.66
"2020-02-04",27.88
"2020-02-05",36.2
"2020-02-06",36.92
"2020-02-07",36.69
"2020-02-08",28.05
"2020-02-09",1.57
"2020-02-10",7.88
"2020-02-11",11.62
"2020-02-12",19.46
"2020-02-13",37.59
"2020-02-14",36.03
"2020-02-15",20.44
"2020-02-16",-8.27
"2020-02-17",18.25
"2020-02-18",21.87
"2020-02-19",30.91
"2020-02-20",28.68
"2020-02-21",24.33
"2020-02-22",-1.51
"2020-02-23",6.95
"2020-02-24",28.49
"2020-02-25",24.1
"2020-02-26",31.67
"2020-02-27",38.44
"2020-02-28",31.04
"2020-02-29",8.91
"2020-03-01",7.14
"2020-03-02",33.18
"2020-03-03",36.25
"2020-03-04",39.61
"2020-03-05",36.07
"2020-03-06",30.48
"2020-03-07",29.09
"2020-03-08",17.11
"2020-03-09",37.11
"2020-03-10",23.25
"2020-03-11",22.69
"2020-03-12",12.24
"2020-03-13",16.54
"2020-03-14",30.27
"2020-03-15",4.65
"2020-03-16",31.19
"2020-03-17",28.18
"2020-03-18",26.42
"2020-03-19",28.69
"2020-03-20",25.14
"2020-03-21",10.74
"2020-03-22",-0.95
"2020-03-23",16.98
"2020-03-24",20.45
"2020-03-25",23.06
"2020-03-26",22.23
"2020-03-27",21.55
"2020-03-28",14.24
"2020-03-29",4.22
"2020-03-30",23.32
"2020-03-31",25.17
"2020-04-01",23.36
"2020-04-02",19.95
"2020-04-03",22.53
"2020-04-04",20.15
"2020-04-05",2.68
"2020-04-06",17.34
"2020-04-07",23.54
"2020-04-08",26.51
"2020-04-09",23.51
"2020-04-10",23.14
"2020-04-11",20.86
"2020-04-12",12.45
"2020-04-13",-15.97
"2020-04-14",19.9
"2020-04-15",20.17
"2020-04-16",25.32
"2020-04-17",27.77
"2020-04-18",20.23
"2020-04-19",7.41
"2020-04-20",2.44
"2020-04-21",-16.15
"2020-04-22",7.88
"2020-04-23",27.76
"2020-04-24",20.65
"2020-04-25",16.86
"2020-04-26",18.89
"2020-04-27",25.5
"2020-04-28",25.06
"2020-04-29",23.05
"2020-04-30",20.0
"2020-05-01",6.53
"2020-05-02",12.47
"2020-05-03",14.06
"2020-05-04",26.38
"2020-05-05",21.72
"2020-05-06",21.49
"2020-05-07",23.83
"2020-05-08",23.78
"2020-05-09",21.98
"2020-05-10",12.58
"2020-05-11",14.07
"2020-05-12",22.27
"2020-05-13",29.76
"2020-05-14",22.79
"2020-05-15",21.08
"2020-05-16",16.96
"2020-05-17",9.46
"2020-05-18",19.74
"2020-05-19",23.69
"2020-05-20",32.05
"2020-05-21",19.58
"2020-05-22",18.83
"2020-05-23",10.26
"2020-05-24",-26.13
"2020-05-25",18.63
"2020-05-26",27.43
"2020-05-27",22.9
"2020-05-28",20.41
"2020-05-29",22.69
"2020-05-30",12.54
"2020-05-31",1.66
"2020-06-01",6.07
"2020-06-02",28.34
"2020-06-03",28.84
"2020-06-04",26.55
"2020-06-05",24.3
"2020-06-06",6.69
"2020-06-07",17.64
"2020-06-08",31.37
"2020-06-09",36.68
"2020-06-10",31.36
"2020-06-11",24.06
"2020-06-12",20.72
"2020-06-13",19.84
"2020-06-14",18.51
"2020-06-15",31.05
"2020-06-16",34.12
"2020-06-17",37.24
"2020-06-18",31.8
"2020-06-19",29.85
"2020-06-20",24.08
"2020-06-21",19.5
"2020-06-22",29.58
"2020-06-23",32.74
"2020-06-24",35.57
"2020-06-25",34.45
"2020-06-26",34.8
"2020-06-27",26.83
"2020-06-28",17.11
"2020-06-29",27.48
"2020-06-30",18.35
"2020-07-01",32.39
"2020-07-02",38.91
"2020-07-03",34.93
"2020-07-04",15.4
"2020-07-05",-15.34
"2020-07-06",14.28
"2020-07-07",31.9
"2020-07-08",41.21
"2020-07-09",42.42
"2020-07-10",36.62
"2020-07-11",28.6
"2020-07-12",24.77
"2020-07-13",34.18
"2020-07-14",36.76
"2020-07-15",41.71
"2020-07-16",44.45
"2020-07-17",37.58
"2020-07-18",29.01
"2020-07-19",27.78
"2020-07-20",32.96
"2020-07-21",31.71
"2020-07-22",34.35
"2020-07-23",35.69
"2020-07-24",31.15
"2020-07-25",25.52
"2020-07-26",12.61
"2020-07-27",32.53
"2020-07-28",22.97
"2020-07-29",20.75
"2020-07-30",35.62
"2020-07-31",38.51
"2020-08-01",28.31
"2020-08-02",28.19
"2020-08-03",36.72
"2020-08-04",36.39
"2020-08-05",29.61
"2020-08-06",33.28
"2020-08-07",35.98
"2020-08-08",32.04
"2020-08-09",28.53
"2020-08-10",36.98
"2020-08-11",36.3
"2020-08-12",35.86
"2020-08-13",38.59
"2020-08-14",40.83
"2020-08-15",31.86
"2020-08-16",28.68
"2020-08-17",40.36
"2020-08-18",42.39
"2020-08-19",38.23
"2020-08-20",38.11
"2020-08-21",31.81
"2020-08-22",23.83
"2020-08-23",16.33
"2020-08-24",44.72
"2020-08-25",38.46
"2020-08-26",17.89
"2020-08-27",46.31
"2020-08-28",40.7
"2020-08-29",35.64
"2020-08-30",33.82
"2020-08-31",54.04
"2020-09-01",49.81
"2020-09-02",49.82
"2020-09-03",40.54
"2020-09-04",38.32
"2020-09-05",33.41
"2020-09-06",34.83
"2020-09-07",43.54
"2020-09-08",37.6
"2020-09-09",36.63
"2020-09-10",47.34
"2020-09-11",47.81
"2020-09-12",31.87
"2020-09-13",20.19
"2020-09-14",53.11
"2020-09-15",70.2
"2020-09-16",53.41
"2020-09-17",46.4
"2020-09-18",42.13
"2020-09-19",36.54
"2020-09-20",37.52
"2020-09-21",61.1
"2020-09-22",53.31
"2020-09-23",46.43
"2020-09-24",38.18
"2020-09-25",41.37
"2020-09-26",33.13
"2020-09-27",30.03
"2020-09-28",47.26
"2020-09-29",58.62
"2020-09-30",50.25
"2020-10-01",41.02
"2020-10-02",35.68
"2020-10-03",16.46
"2020-10-04",7.11
"2020-10-05",32.09
"2020-10-06",34.45
"2020-10-07",36.62
"2020-10-08",29.83
"2020-10-09",39.97
"2020-10-10",31.23
"2020-10-11",32.18
"2020-10-12",46.9
"2020-10-13",45.23
"2020-10-14",35.67
"2020-10-15",40.94
"2020-10-16",46.94
"2020-10-17",40.76
"2020-10-18",30.56
"2020-10-19",44.64
"2020-10-20",35.22
"2020-10-21",32.61
"2020-10-22",32.39
"2020-10-23",44.78
"2020-10-24",30.58
"2020-10-25",13.38
"2020-10-26",38.27
"2020-10-27",34.61
"2020-10-28",29.94
"2020-10-29",32.65
"2020-10-30",30.19
"2020-10-31",31.02
"2020-11-01",16.95
"2020-11-02",23.4
"2020-11-03",35.74
"2020-11-04",40.01
"2020-11-05",38.66
"2020-11-06",40.54
"2020-11-07",36.23
"2020-11-08",36.66
"2020-11-09",44.88
"2020-11-10",48.15
"2020-11-11",45.06
"2020-11-12",40.96
"2020-11-13",40.73
"2020-11-14",36.48
"2020-11-15",7.3
"2020-11-16",28.49
"2020-11-17",38.89
"2020-11-18",36.36
"2020-11-19",26.39
"2020-11-20",43.26
"2020-11-21",30.3
"2020-11-22",29.97
"2020-11-23",43.63
"2020-11-24",42.03
"2020-11-25",46.87
"2020-11-26",56.55
"2020-11-27",64.73
"2020-11-28",46.88
"2020-11-29",45.28
"2020-11-30",52.22
"2020-12-01",53.71
"2020-12-02",73.99
"2020-12-03",48.0
"2020-12-04",41.78
"2020-12-05",46.39
"2020-12-06",42.75
"2020-12-07",44.73
"2020-12-08",61.08
"2020-12-09",75.03
"2020-12-10",69.39
"2020-12-11",45.8
"2020-12-12",45.72
"2020-12-13",43.17
"2020-12-14",42.99
"2020-12-15",50.4
"2020-12-16",50.06
"2020-12-17",44.58
"2020-12-18",42.51
"2020-12-19",32.52
"2020-12-20",40.0
"2020-12-21",38.78
"2020-12-22",27.69
"2020-12-23",43.9
"2020-12-24",24.33
"2020-12-25",34.92
"2020-12-26",19.15
"2020-12-27",-13.45
"2020-12-28",39.21
"2020-12-29",46.21
"2020-12-30",47.07
"2020-12-31",46.7
"2021-01-01",48.4
"2021-01-02",50.56
"2021-01-03",38.62
"2021-01-04",48.02
"2021-01-05",55.34
"2021-01-06",52.68
"2021-01-07",70.93
"2021-01-08",78.34
"2021-01-09",59.32
"2021-01-10",52.16
"2021-01-11",48.15
"2021-01-12",46.1
"2021-01-13",42.47
"2021-01-14",70.58
"2021-01-15",72.89
"2021-01-16",55.85
"2021-01-17",54.0
"2021-01-18",55.95
"2021-01-19",44.95
"2021-01-20",36.28
"2021-01-21",30.07
"2021-01-22",42.53
"2021-01-23",51.72
"2021-01-24",49.17
"2021-01-25",60.84
"2021-01-26",61.37
"2021-01-27",57.99
"2021-01-28",55.31
"2021-01-29",49.68
"2021-01-30",48.48
"2021-01-31",48.23
"2021-02-01",57.47
"2021-02-02",54.62
"2021-02-03",44.53
"2021-02-04",52.04
"2021-02-05",51.39
"2021-02-06",36.38
"2021-02-07",19.38
"2021-02-08",43.52
"2021-02-09",64.32
"2021-02-10",72.21
"2021-02-11",79.3
"2021-02-12",62.13
"2021-02-13",53.22
"2021-02-14",45.89
"2021-02-15",50.75
"2021-02-16",52.43
"2021-02-17",49.66
"2021-02-18",45.4
"2021-02-19",47.71
"2021-02-20",34.05
"2021-02-21",32.92
"2021-02-22",49.9
"2021-02-23",45.58
"2021-02-24",38.13
"2021-02-25",46.16
"2021-02-26",47.63
"2021-02-27",44.94
"2021-02-28",42.07
"2021-03-01",49.76
"2021-03-02",53.5
"2021-03-03",51.91
"2021-03-04",54.08
"2021-03-05",53.6
"2021-03-06",44.71
"2021-03-07",44.82
"2021-03-08",61.61
"2021-03-09",60.92
"2021-03-10",50.82
"2021-03-11",27.43
"2021-03-12",22.29
"2021-03-13",11.93
"2021-03-14",15.75
"2021-03-15",49.28
"2021-03-16",56.01
"2021-03-17",57.65
"2021-03-18",64.86
"2021-03-19",56.45
"2021-03-20",51.34
"2021-03-21",35.42
"2021-03-22",60.48
"2021-03-23",62.33
"2021-03-24",55.54
"2021-03-25",58.85
"2021-03-26",51.37
"2021-03-27",24.69
"2021-03-28",18.25
"2021-03-29",40.81
"2021-03-30",55.73
"2021-03-31",58.72
"2021-04-01",52.29
"2021-04-02",36.5
"2021-04-03",39.56
"2021-04-04",27.69
"2021-04-05",-17.0
"2021-04-06",35.38
"2021-04-07",50.32
"2021-04-08",57.58
"2021-04-09",53.92
"2021-04-10",58.81
"2021-04-11",48.69
"2021-04-12",62.72
"2021-04-13",57.52
"2021-04-14",69.49
"2021-04-15",66.98
"2021-04-16",63.04
"2021-04-17",61.2
"2021-04-18",62.63
"2021-04-19",75.67
"2021-04-20",75.77
"2021-04-21",59.88
"2021-04-22",45.9
"2021-04-23",61.73
"2021-04-24",52.91
"2021-04-25",37.48
"2021-04-26",61.92
"2021-04-27",59.51
"2021-04-28",61.72
"2021-04-29",59.44
"2021-04-30",69.15
"2021-05-01",56.68
"2021-05-02",43.81
"2021-05-03",62.43
"2021-05-04",30.26
"2021-05-05",31.81
"2021-05-06",64.97
"2021-05-07",71.3
"2021-05-08",50.74
"2021-05-09",3.62
"2021-05-10",57.46
"2021-05-11",72.17
"2021-05-12",68.75
"2021-05-13",62.74
"2021-05-14",71.8
"2021-05-15",60.2
"2021-05-16",39.87
"2021-05-17",73.7
"2021-05-18",74.18
"2021-05-19",77.71
"2021-05-20",69.99
"2021-05-21",31.34
"2021-05-22",-7.04
"2021-05-23",21.15
"2021-05-24",31.65
"2021-05-25",59.78
"2021-05-26",65.61
"2021-05-27",71.77
"2021-05-28",73.6
"2021-05-29",56.49
"2021-05-30",37.85
"2021-05-31",67.46
"2021-06-01",68.25
"2021-06-02",66.69
"2021-06-03",61.96
"2021-06-04",71.8
"2021-06-05",62.56
"2021-06-06",59.44
"2021-06-07",77.34
"2021-06-08",76.92
"2021-06-09",76.74
"2021-06-10",78.83
"2021-06-11",78.1
"2021-06-12",39.18
"2021-06-13",19.4
"2021-06-14",74.22
"2021-06-15",82.61
"2021-06-16",85.0
"2021-06-17",77.51
"2021-06-18",80.12
"2021-06-19",70.1
"2021-06-20",58.43
"2021-06-21",77.63
"2021-06-22",84.59
"2021-06-23",92.84
"2021-06-24",94.83
"2021-06-25",89.73
"2021-06-26",79.88
"2021-06-27",64.96
"2021-06-28",88.73
"2021-06-29",91.65
"2021-06-30",92.38
"2021-07-01",89.39
"2021-07-02",96.58
"2021-07-03",83.6
"2021-07-04",82.96
"2021-07-05",93.84
"2021-07-06",80.68
"2021-07-07",99.11
"2021-07-08",109.04
"2021-07-09",91.42
"2021-07-10",80.45
"2021-07-11",77.74
"2021-07-12",93.45
"2021-07-13",95.02
"2021-07-14",87.39
"2021-07-15",89.74
"2021-07-16",84.96
"2021-07-17",61.69
"2021-07-18",45.78
"2021-07-19",89.21
"2021-07-20",91.69
"2021-07-21",89.99
"2021-07-22",87.56
"2021-07-23",88.8
"2021-07-24",75.76
"2021-07-25",60.71
"2021-07-26",88.5
"2021-07-27",87.22
"2021-07-28",79.42
"2021-07-29",46.1
"2021-07-30",64.81
"2021-07-31",29.82
"2021-08-01",58.54
"2021-08-02",80.1
"2021-08-03",96.51
"2021-08-04",98.17
"2021-08-05",94.51
"2021-08-06",71.6
"2021-08-07",61.51
"2021-08-08",5.63
"2021-08-09",67.59
"2021-08-10",90.77
"2021-08-11",100.76
"2021-08-12",106.54
"2021-08-13",94.9
"2021-08-14",63.37
"2021-08-15",61.94
"2021-08-16",67.6
"2021-08-17",57.39
"2021-08-18",78.64
"2021-08-19",91.62
"2021-08-20",102.18
"2021-08-21",91.46
"2021-08-22",78.05
"2021-08-23",93.88
"2021-08-24",95.4
"2021-08-25",84.31
"2021-08-26",92.62
"2021-08-27",95.91
"2021-08-28",84.72
"2021-08-29",80.74
"2021-08-30",106.57
"2021-08-31",110.05
"2021-09-01",111.86
"2021-09-02",118.19
"2021-09-03",110.53
"2021-09-04",106.88
"2021-09-05",97.63
"2021-09-06",127.82
"2021-09-07",127.98
"2021-09-08",124.78
"2021-09-09",130.23
"2021-09-10",138.29
"2021-09-11",129.02
"2021-09-12",105.22
"2021-09-13",141.32
"2021-09-14",143.24
"2021-09-15",168.21
"2021-09-16",158.94
"2021-09-17",156.96
"2021-09-18",133.76
"2021-09-19",94.1
"2021-09-20",150.7
"2021-09-21",149.89
"2021-09-22",145.98
"2021-09-23",73.16
"2021-09-24",108.98
"2021-09-25",127.59
"2021-09-26",125.72
"2021-09-27",143.22
"2021-09-28",155.09
"2021-09-29",133.31
"2021-09-30",112.57
"2021-10-01",100.33
"2021-10-02",104.06
"2021-10-03",40.96
"2021-10-04",158.12
"2021-10-05",159.73
"2021-10-06",184.12
"2021-10-07",302.53
"2021-10-08",203.89
"2021-10-09",139.49
"2021-10-10",144.34
"2021-10-11",167.84
"2021-10-12",167.43
"2021-10-13",188.24
"2021-10-14",167.81
"2021-10-15",116.65
"2021-10-16",156.78
"2021-10-17",142.16
"2021-10-18",189.72
"2021-10-19",153.46
"2021-10-20",60.11
"2021-10-21",61.5
"2021-10-22",71.87
"2021-10-23",139.38
"2021-10-24",99.41
"2021-10-25",173.65
"2021-10-26",178.02
"2021-10-27",143.84
"2021-10-28",153.54
"2021-10-29",112.97
"2021-10-30",84.15
"2021-10-31",61.45
"2021-11-01",95.49
"2021-11-02",204.11
"2021-11-03",193.14
"2021-11-04",172.11
"2021-11-05",160.09
"2021-11-06",76.76
"2021-11-07",35.41
"2021-11-08",177.41
"2021-11-09",163.14
"2021-11-10",176.26
"2021-11-11",190.43
"2021-11-12",166.9
"2021-11-13",156.9
"2021-11-14",169.3
"2021-11-15",227.96
"2021-11-16",237.47
"2021-11-17",180.6
"2021-11-18",139.9
"2021-11-19",131.63
"2021-11-20",110.22
"2021-11-21",144.84
"2021-11-22",233.17
"2021-11-23",241.87
"2021-11-24",273.89
"2021-11-25",243.35
"2021-11-26",188.38
"2021-11-27",202.9
"2021-11-28",201.17
"2021-11-29",265.96
"2021-11-30",123.84
"2021-12-01",91.0
"2021-12-02",195.04
"2021-12-03",149.97
"2021-12-04",196.26
"2021-12-05",157.71
"2021-12-06",265.39
"2021-12-07",216.19
"2021-12-08",184.06
"2021-12-09",277.88
"2021-12-10",239.78
"2021-12-11",237.35
"2021-12-12",183.12
"2021-12-13",264.66
"2021-12-14",295.82
"2021-12-15",295.2
"2021-12-16",344.3
"2021-12-17",338.14
"2021-12-18",259.51
"2021-12-19",119.67
"2021-12-20",331.37
"2021-12-21",431.97
"2021-12-22",416.72
"2021-12-23",300.73
"2021-12-24",196.21
"2021-12-25",198.29
"2021-12-26",172.46
"2021-12-27",148.83
"2021-12-28",104.23
"2021-12-29",155.6
"2021-12-30",73.26
"2021-12-31",12.13
"2022-01-01",82.58
"2022-01-02",47.35
"2022-01-03",76.11
"2022-01-04",153.92
"2022-01-05",107.87
"2022-01-06",194.1
"2022-01-07",167.18
"2022-01-08",165.9
"2022-01-09",146.56
"2022-01-10",261.55
"2022-01-11",255.41
"2022-01-12",233.32
"2022-01-13",180.16
"2022-01-14",178.76
"2022-01-15",216.0
"2022-01-16",133.1
"2022-01-17",129.31
"2022-01-18",235.87
"2022-01-19",172.18
"2022-01-20",117.7
"2022-01-21",159.27
"2022-01-22",175.76
"2022-01-23",193.69
"2022-01-24",245.94
"2022-01-25",297.29
"2022-01-26",234.98
"2022-01-27",120.71
"2022-01-28",174.35
"2022-01-29",92.13
"2022-01-30",55.3
"2022-01-31",195.2
"2022-02-01",150.25
"2022-02-02",140.22
"2022-02-03",193.56
"2022-02-04",132.37
"2022-02-05",88.89
"2022-02-06",52.78
"2022-02-07",84.68
"2022-02-08",137.81
"2022-02-09",165.89
"2022-02-10",192.82
"2022-02-11",184.58
"2022-02-12",143.05
"2022-02-13",83.58
"2022-02-14",102.22
"2022-02-15",155.0
"2022-02-16",117.38
"2022-02-17",68.64
"2022-02-18",117.63
"2022-02-19",39.62
"2022-02-20",67.28
"2022-02-21",75.42
"2022-02-22",123.24
"2022-02-23",130.09
"2022-02-24",123.39
"2022-02-25",119.96
"2022-02-26",225.43
"2022-02-27",182.41
"2022-02-28",208.3
"2022-03-01",241.4
"2022-03-02",278.78
"2022-03-03",338.2
"2022-03-04",358.78
"2022-03-05",344.4
"2022-03-06",340.8
"2022-03-07",410.1
"2022-03-08",487.57
"2022-03-09",446.25
"2022-03-10",279.15
"2022-03-11",80.44
"2022-03-12",124.25
"2022-03-13",115.1
"2022-03-14",281.44
"2022-03-15",300.54
"2022-03-16",245.3
"2022-03-17",225.41
"2022-03-18",228.9
"2022-03-19",130.95
"2022-03-20",49.04
"2022-03-21",205.75
"2022-03-22",236.49
"2022-03-23",236.53
"2022-03-24",238.0
"2022-03-25",244.38
"2022-03-26",189.55
"2022-03-27",200.59
"2022-03-28",221.57
"2022-03-29",250.18
"2022-03-30",271.03
"2022-03-31",209.19
"2022-04-01",160.13
"2022-04-02",166.4
"2022-04-03",172.89
"2022-04-04",75.33
"2022-04-05",183.02
"2022-04-06",121.33
"2022-04-07",74.15
"2022-04-08",120.87
"2022-04-09",59.83
"2022-04-10",74.65
"2022-04-11",223.62
"2022-04-12",184.59
"2022-04-13",222.52
"2022-04-14",227.71
"2022-04-15",192.96
"2022-04-16",149.22
"2022-04-17",108.82
"2022-04-18",120.23
"2022-04-19",213.0
"2022-04-20",203.25
"2022-04-21",199.5
"2022-04-22",172.49
"2022-04-23",93.31
"2022-04-24",108.54
"2022-04-25",223.46
"2022-04-26",238.47
"2022-04-27",222.21
"2022-04-28",230.15
"2022-04-29",228.02
"2022-04-30",201.27
"2022-05-01",194.74
"2022-05-02",219.02
"2022-05-03",218.16
"2022-05-04",231.29
"2022-05-05",234.49
"2022-05-06",225.36
"2022-05-07",201.43
"2022-05-08",171.82
"2022-05-09",216.81
"2022-05-10",183.32
"2022-05-11",159.09
"2022-05-12",169.12
"2022-05-13",168.79
"2022-05-14",152.97
"2022-05-15",149.03
"2022-05-16",211.58
"2022-05-17",225.75
"2022-05-18",206.97
"2022-05-19",210.81
"2022-05-20",209.23
"2022-05-21",103.36
"2022-05-22",166.03
"2022-05-23",188.14
"2022-05-24",162.95
"2022-05-25",177.5
"2022-05-26",67.93
"2022-05-27",46.77
"2022-05-28",36.85
"2022-05-29",156.34
"2022-05-30",225.99
"2022-05-31",210.17
"2022-06-01",215.29
"2022-06-02",188.87
"2022-06-03",184.55
"2022-06-04",162.49
"2022-06-05",141.58
"2022-06-06",91.33
"2022-06-07",183.88
"2022-06-08",190.35
"2022-06-09",185.49
"2022-06-10",185.75
"2022-06-11",134.7
"2022-06-12",116.96
"2022-06-13",165.56
"2022-06-14",194.98
"2022-06-15",211.83
"2022-06-16",201.97
"2022-06-17",255.43
"2022-06-18",195.4
"2022-06-19",154.65
"2022-06-20",267.37
"2022-06-21",288.59
"2022-06-22",323.34
"2022-06-23",295.08
"2022-06-24",274.3
"2022-06-25",240.39
"2022-06-26",201.67
"2022-06-27",316.65
"2022-06-28",331.52
"2022-06-29",315.54
"2022-06-30",325.48
"2022-07-01",314.38
"2022-07-02",218.92
"2022-07-03",200.11
"2022-07-04",293.89
"2022-07-05",318.37
"2022-07-06",303.54
"2022-07-07",213.22
"2022-07-08",295.92
"2022-07-09",148.14
"2022-07-10",115.16
"2022-07-11",372.59
"2022-07-12",377.66
"2022-07-13",352.16
"2022-07-14",367.38
"2022-07-15",329.92
"2022-07-16",174.81
"2022-07-17",221.86
"2022-07-18",396.07
"2022-07-19",397.09
"2022-07-20",332.7
"2022-07-21",396.73
"2022-07-22",377.45
"2022-07-23",324.99
"2022-07-24",260.63
"2022-07-25",309.81
"2022-07-26",316.57
"2022-07-27",424.49
"2022-07-28",473.25
"2022-07-29",438.65
"2022-07-30",380.77
"2022-07-31",317.79
"2022-08-01",424.62
"2022-08-02",380.51
"2022-08-03",384.83
"2022-08-04",414.16
"2022-08-05",380.31
"2022-08-06",273.81
"2022-08-07",214.92
"2022-08-08",359.55
"2022-08-09",344.87
"2022-08-10",335.08
"2022-08-11",368.15
"2022-08-12",436.8
"2022-08-13",377.74
"2022-08-14",330.46
"2022-08-15",426.6
"2022-08-16",490.79
"2022-08-17",551.95
"2022-08-18",563.76
"2022-08-19",515.1
"2022-08-20",457.97
"2022-08-21",364.13
"2022-08-22",563.81
"2022-08-23",605.13
"2022-08-24",624.34
"2022-08-25",599.83
"2022-08-26",699.44
"2022-08-27",607.84
"2022-08-28",401.03
"2022-08-29",658.41
"2022-08-30",660.24
"2022-08-31",604.49
"2022-09-01",571.2
"2022-09-02",422.25
"2022-09-03",287.75
"2022-09-04",242.71
"2022-09-05",357.45
"2022-09-06",417.27
"2022-09-07",462.47
"2022-09-08",443.52
"2022-09-09",345.7
"2022-09-10",404.32
"2022-09-11",391.49
"2022-09-12",408.03
"2022-09-13",392.37
"2022-09-14",455.81
"2022-09-15",369.37
"2022-09-16",201.2
"2022-09-17",68.77
"2022-09-18",77.93
"2022-09-19",261.68
"2022-09-20",363.43
"2022-09-21",379.94
"2022-09-22",387.89
"2022-09-23",368.33
"2022-09-24",351.11
"2022-09-25",276.5
"2022-09-26",245.92
"2022-09-27",310.21
"2022-09-28",386.2
"2022-09-29",417.14
"2022-09-30",315.49
"2022-10-01",82.82
"2022-10-02",114.75
"2022-10-03",209.35
"2022-10-04",246.31
"2022-10-05",103.19
"2022-10-06",100.8
"2022-10-07",163.89
"2022-10-08",145.34
"2022-10-09",146.72
"2022-10-10",162.09
"2022-10-11",259.87
"2022-10-12",282.54
"2022-10-13",257.46
"2022-10-14",260.65
"2022-10-15",156.63
"2022-10-16",95.86
"2022-10-17",152.61
"2022-10-18",183.18
"2022-10-19",168.45
"2022-10-20",140.22
"2022-10-21",163.45
"2022-10-22",139.87
"2022-10-23",95.75
"2022-10-24",80.62
"2022-10-25",105.4
"2022-10-26",121.4
"2022-10-27",124.69
"2022-10-28",105.52
"2022-10-29",101.06
"2022-10-30",116.54
"2022-10-31",145.22
"2022-11-01",68.86
"2022-11-02",71.97
"2022-11-03",103.01
"2022-11-04",178.54
"2022-11-05",132.29
"2022-11-06",51.09
"2022-11-07",76.1
"2022-11-08",95.15
"2022-11-09",126.72
"2022-11-10",137.25
"2022-11-11",125.38
"2022-11-12",162.25
"2022-11-13",144.88
"2022-11-14",160.8
"2022-11-15",177.29
"2022-11-16",143.76
"2022-11-17",99.9
"2022-11-18",171.03
"2022-11-19",198.62
"2022-11-20",210.28
"2022-11-21",253.82
"2022-11-22",203.88
"2022-11-23",177.98
"2022-11-24",237.46
"2022-11-25",257.93
"2022-11-26",239.17
"2022-11-27",146.65
"2022-11-28",291.64
"2022-11-29",371.64
"2022-11-30",393.7
"2022-12-01",394.35
"2022-12-02",339.2
"2022-12-03",281.92
"2022-12-04",268.5
"2022-12-05",341.26
"2022-12-06",386.44
"2022-12-07",324.83
"2022-12-08",387.53
"2022-12-09",411.04
"2022-12-10",354.64
"2022-12-11",326.77
"2022-12-12",433.93
"2022-12-13",444.48
"2022-12-14",443.88
"2022-12-15",396.96
"2022-12-16",411.31
"2022-12-17",268.97
"2022-12-18",189.76
"2022-12-19",191.93
"2022-12-20",185.82
"2022-12-21",214.6
"2022-12-22",192.64
"2022-12-23",185.89
"2022-12-24",111.87
"2022-12-25",106.01
"2022-12-26",40.53
"2022-12-27",91.73
"2022-12-28",45.9
"2022-12-29",13.58
"2022-12-30",14.63
"2022-12-31",-0.79
"2023-01-01",14.91
"2023-01-02",123.82
"2023-01-03",145.95
"2023-01-04",58.94
"2023-01-05",107.46
"2023-01-06",117.47
"2023-01-07",88.81
"2023-01-08",68.94
"2023-01-09",129.29
"2023-01-10",123.13
"2023-01-11",84.08
"2023-01-12",70.74
"2023-01-13",66.64
"2023-01-14",29.34
"2023-01-15",9.26
"2023-01-16",128.75
"2023-01-17",133.57
"2023-01-18",143.76
"2023-01-19",148.21
"2023-01-20",180.66
"2023-01-21",144.39
"2023-01-22",151.15
"2023-01-23",202.73
"2023-01-24",202.69
"2023-01-25",181.74
"2023-01-26",167.67
"2023-01-27",168.76
"2023-01-28",144.7
"2023-01-29",123.59
"2023-01-30",74.21
"2023-01-31",117.32
"2023-02-01",93.08
"2023-02-02",136.15
"2023-02-03",102.61
"2023-02-04",146.01
"2023-02-05",131.37
"2023-02-06",172.96
"2023-02-07",172.92
"2023-02-08",152.1
"2023-02-09",132.54
"2023-02-10",125.92
"2023-02-11",106.27
"2023-02-12",136.31
"2023-02-13",163.5
"2023-02-14",154.49
"2023-02-15",143.52
"2023-02-16",136.73
"2023-02-17",81.15
"2023-02-18",94.67
"2023-02-19",114.05
"2023-02-20",61.42
"2023-02-21",122.45
"2023-02-22",148.65
"2023-02-23",146.12
"2023-02-24",118.3
"2023-02-25",89.29
"2023-02-26",109.82
"2023-02-27",152.27
"2023-02-28",148.05
"2023-03-01",142.97
"2023-03-02",144.31
"2023-03-03",136.76
"2023-03-04",107.47
"2023-03-05",121.79
"2023-03-06",150.67
"2023-03-07",106.87
"2023-03-08",138.89
"2023-03-09",127.2
"2023-03-10",115.61
"2023-03-11",98.61
"2023-03-12",95.53
"2023-03-13",37.14
"2023-03-14",71.48
"2023-03-15",127.72
"2023-03-16",105.57
"2023-03-17",92.35
"2023-03-18",109.34
"2023-03-19",111.99
"2023-03-20",125.17
"2023-03-21",115.05
"2023-03-22",80.18
"2023-03-23",74.71
"2023-03-24",53.12
"2023-03-25",14.67
"2023-03-26",70.62
"2023-03-27",92.32
"2023-03-28",113.15
"2023-03-29",116.54
"2023-03-30",81.44
"2023-03-31",97.59
"2023-04-01",55.77
"2023-04-02",67.33
"2023-04-03",114.8
"2023-04-04",132.07
"2023-04-05",140.97
"2023-04-06",124.28
"2023-04-07",108.63
"2023-04-08",116.89
"2023-04-09",105.05
"2023-04-10",39.97
"2023-04-11",59.99
"2023-04-12",107.69
"2023-04-13",108.41
"2023-04-14",128.8
"2023-04-15",106.8
"2023-04-16",110.1
"2023-04-17",124.24
"2023-04-18",108.23
"2023-04-19",87.52
"2023-04-20",111.71
"2023-04-21",89.47
"2023-04-22",84.47
"2023-04-23",85.8
"2023-04-24",104.6
"2023-04-25",101.0
"2023-04-26",110.72
"2023-04-27",112.09
"2023-04-28",106.0
"2023-04-29",100.65
"2023-04-30",68.29
"2023-05-01",87.55
"2023-05-02",106.1
"2023-05-03",107.8
"2023-05-04",97.5
"2023-05-05",96.05
"2023-05-06",89.52
"2023-05-07",66.98
"2023-05-08",96.37
"2023-05-09",94.64
"2023-05-10",107.89
"2023-05-11",116.14
"2023-05-12",100.51
"2023-05-13",78.35
"2023-05-14",72.0
"2023-05-15",113.84
"2023-05-16",79.3
"2023-05-17",78.58
"2023-05-18",86.73
"2023-05-19",87.28
"2023-05-20",46.81
"2023-05-21",28.46
"2023-05-22",97.33
"2023-05-23",72.79
"2023-05-24",102.27
"2023-05-25",81.65
"2023-05-26",69.98
"2023-05-27",62.67
"2023-05-28",26.55
"2023-05-29",21.45
"2023-05-30",87.74
"2023-05-31",72.32
"2023-06-01",72.9
"2023-06-02",81.02
"2023-06-03",56.37
"2023-06-04",49.67
"2023-06-05",90.76
"2023-06-06",98.14
"2023-06-07",100.93
"2023-06-08",84.52
"2023-06-09",86.68
"2023-06-10",55.13
"2023-06-11",40.75
"2023-06-12",96.4
"2023-06-13",90.03
"2023-06-14",102.94
"2023-06-15",120.31
"2023-06-16",127.52
"2023-06-17",104.54
"2023-06-18",93.02
"2023-06-19",116.97
"2023-06-20",121.15
"2023-06-21",123.47
"2023-06-22",125.71
"2023-06-23",106.41
"2023-06-24",81.82
"2023-06-25",75.48
"2023-06-26",97.49
"2023-06-27",101.95
"2023-06-28",112.52
"2023-06-29",118.08
"2023-06-30",110.03
"2023-07-01",66.41
"2023-07-02",-53.87
"2023-07-03",53.22
"2023-07-04",85.12
"2023-07-05",69.8
"2023-07-06",107.2
"2023-07-07",102.97
"2023-07-08",82.19
"2023-07-09",89.33
"2023-07-10",113.99
"2023-07-11",105.96
"2023-07-12",87.51
"2023-07-13",97.71
"2023-07-14",96.97
"2023-07-15",33.32
"2023-07-16",14.53
"2023-07-17",81.92
"2023-07-18",106.46
"2023-07-19",97.32
"2023-07-20",96.51
"2023-07-21",104.4
"2023-07-22",76.73
"2023-07-23",30.92
"2023-07-24",90.53
"2023-07-25",104.15
"2023-07-26",95.24
"2023-07-27",93.91
"2023-07-28",95.92
"2023-07-29",76.68
"2023-07-30",31.75
"2023-07-31",70.97
"2023-08-01",79.43
"2023-08-02",68.29
"2023-08-03",45.41
"2023-08-04",98.59
"2023-08-05",90.31
"2023-08-06",57.91
"2023-08-07",19.44
"2023-08-08",12.06
"2023-08-09",88.35
"2023-08-10",102.17
"2023-08-11",100.44
"2023-08-12",80.14
"2023-08-13",65.21
"2023-08-14",103.37
"2023-08-15",93.56
"2023-08-16",110.81
"2023-08-17",111.36
"2023-08-18",108.99
"2023-08-19",84.79
"2023-08-20",90.12
"2023-08-21",121.11
"2023-08-22",123.15
"2023-08-23",146.55
"2023-08-24",146.95
"2023-08-25",116.26
"2023-08-26",96.52
"2023-08-27",101.9
"2023-08-28",118.67
"2023-08-29",122.9
"2023-08-30",114.93
"2023-08-31",104.3
"2023-09-01",108.57
"2023-09-02",95.13
"2023-09-03",82.65
"2023-09-04",108.45
"2023-09-05",103.54
"2023-09-06",105.62
"2023-09-07",100.99
"2023-09-08",108.23
"2023-09-09",91.51
"2023-09-10",85.3
"2023-09-11",152.87
"2023-09-12",131.45
"2023-09-13",109.94
"2023-09-14",120.47
"2023-09-15",108.19
"2023-09-16",95.2
"2023-09-17",87.62
"2023-09-18",95.3
"2023-09-19",37.52
"2023-09-20",49.46
"2023-09-21",103.06
"2023-09-22",103.98
"2023-09-23",99.52
"2023-09-24",68.82
"2023-09-25",105.8
"2023-09-26",128.77
"2023-09-27",124.48
"2023-09-28",112.52
"2023-09-29",105.27
"2023-09-30",91.5
"2023-10-01",74.04
"2023-10-02",118.15
"2023-10-03",22.95
"2023-10-04",69.49
"2023-10-05",101.61
"2023-10-06",71.6
"2023-10-07",44.95
"2023-10-08",90.64
"2023-10-09",116.01
"2023-10-10",112.39
"2023-10-11",59.79
"2023-10-12",122.71
"2023-10-13",68.41
"2023-10-14",26.53
"2023-10-15",39.62
"2023-10-16",133.7
"2023-10-17",130.12
"2023-10-18",98.44
"2023-10-19",93.41
"2023-10-20",87.24
"2023-10-21",54.32
"2023-10-22",63.95
"2023-10-23",125.02
"2023-10-24",117.99
"2023-10-25",124.31
"2023-10-26",121.35
"2023-10-27",118.35
"2023-10-28",83.37
"2023-10-29",23.03
"2023-10-30",92.89
"2023-10-31",104.95
"2023-11-01",62.89
"2023-11-02",59.77
"2023-11-03",56.57
"2023-11-04",24.82
"2023-11-05",29.91
"2023-11-06",72.04
"2023-11-07",99.75
"2023-11-08",89.72
"2023-11-09",97.22
"2023-11-10",94.05
"2023-11-11",96.79
"2023-11-12",97.99
"2023-11-13",94.89
"2023-11-14",65.51
"2023-11-15",102.41
"2023-11-16",117.63
"2023-11-17",121.34
"2023-11-18",91.4
"2023-11-19",38.2
"2023-11-20",106.08
"2023-11-21",123.3
"2023-11-22",109.69
"2023-11-23",61.64
"2023-11-24",63.87
"2023-11-25",94.6
"2023-11-26",116.35
"2023-11-27",114.51
"2023-11-28",121.94
"2023-11-29",140.02
"2023-11-30",168.76
"2023-12-01",156.4
"2023-12-02",116.41
"2023-12-03",104.72
"2023-12-04",111.76
"2023-12-05",114.39
"2023-12-06",129.54
"2023-12-07",116.6
"2023-12-08",103.68
"2023-12-09",78.41
"2023-12-10",55.87
"2023-12-11",79.05
"2023-12-12",106.06
"2023-12-13",93.04
"2023-12-14",107.12
"2023-12-15",93.24
"2023-12-16",70.7
"2023-12-17",50.72
"2023-12-18",77.97
"2023-12-19",76.29
"2023-12-20",62.0
"2023-12-21",25.28
"2023-12-22",22.66
"2023-12-23",30.74
"2023-12-24",-3.37
"2023-12-25",0.41
"2023-12-26",16.62
"2023-12-27",60.8
"2023-12-28",16.67
"2023-12-29",6.36
"2023-12-30",34.06
"2023-12-31",9.9
"2024-01-01",16.18
"2024-01-02",53.07
"2024-01-03",45.21
"2024-01-04",85.41
"2024-01-05",91.37
"2024-01-06",88.72
"2024-01-07",86.33
"2024-01-08",102.23
"2024-01-09",109.39
"2024-01-10",111.84
"2024-01-11",109.65
"2024-01-12",106.04
"2024-01-13",74.57
"2024-01-14",76.15
"2024-01-15",86.5
"2024-01-16",101.14
"2024-01-17",99.61
"2024-01-18",92.74
"2024-01-19",78.51
"2024-01-20",73.66
"2024-01-21",50.26
"2024-01-22",49.84
"2024-01-23",52.28
"2024-01-24",33.12
"2024-01-25",78.02
"2024-01-26",59.23
"2024-01-27",68.35
"2024-01-28",59.28
"2024-01-29",81.03
"2024-01-30",77.97
"2024-01-31",76.0
"2024-02-01",72.04
"2024-02-02",61.66
"2024-02-03",35.97
"2024-02-04",14.78
"2024-02-05",35.84
"2024-02-06",45.29
"2024-02-07",79.16
"2024-02-08",88.7
"2024-02-09",70.52
"2024-02-10",72.13
"2024-02-11",61.96
"2024-02-12",74.75
"2024-02-13",72.23
"2024-02-14",68.16
"2024-02-15",70.5
"2024-02-16",61.06
"2024-02-17",66.65
"2024-02-18",53.18
"2024-02-19",65.29
"2024-02-20",63.22
"2024-02-21",57.57
"2024-02-22",50.92
"2024-02-23",43.74
"2024-02-24",57.2
"2024-02-25",61.09
"2024-02-26",66.27
"2024-02-27",73.84
"2024-02-28",71.82
"2024-02-29",63.2
"2024-03-01",71.01
"2024-03-02",64.22
"2024-03-03",60.47
"2024-03-04",75.89
"2024-03-05",74.6
"2024-03-06",82.84
"2024-03-07",76.32
"2024-03-08",62.33
"2024-03-09",45.61
"2024-03-10",34.0
"2024-03-11",71.67
"2024-03-12",86.47
"2024-03-13",72.46
"2024-03-14",67.06
"2024-03-15",55.9
"2024-03-16",50.36
"2024-03-17",61.81
"2024-03-18",81.25
"2024-03-19",81.57
"2024-03-20",91.34
"2024-03-21",81.39
"2024-03-22",68.54
"2024-03-23",37.58
"2024-03-24",25.87
"2024-03-25",84.56
"2024-03-26",66.14
"2024-03-27",76.3
"2024-03-28",51.35
"2024-03-29",37.76
"2024-03-30",53.25
"2024-03-31",55.45
"2024-04-01",35.88
"2024-04-02",33.35
"2024-04-03",87.37
"2024-04-04",64.53
"2024-04-05",46.59
"2024-04-06",29.74
"2024-04-07",20.76
"2024-04-08",84.87
"2024-04-09",57.99
"2024-04-10",69.91
"2024-04-11",58.81
"2024-04-12",60.95
"2024-04-13",13.82
"2024-04-14",16.75
"2024-04-15",70.19
"2024-04-16",56.26
"2024-04-17",102.01
"2024-04-18",95.82
"2024-04-19",58.82
"2024-04-20",58.24
"2024-04-21",55.15
"2024-04-22",98.53
"2024-04-23",97.76
"2024-04-24",94.3
"2024-04-25",90.63
"2024-04-26",86.44
"2024-04-27",62.17
"2024-04-28",12.99
"2024-04-29",80.8
"2024-04-30",69.38
"2024-05-01",4.39
"2024-05-02",36.42
"2024-05-03",77.81
"2024-05-04",75.15
"2024-05-05",54.16
"2024-05-06",93.18
"2024-05-07",93.04
"2024-05-08",91.82
"2024-05-09",61.86
"2024-05-10",75.99
"2024-05-11",53.65
"2024-05-12",1.78
"2024-05-13",46.41
"2024-05-14",27.68
"2024-05-15",42.93
"2024-05-16",49.56
"2024-05-17",69.01
"2024-05-18",55.8
"2024-05-19",52.5
"2024-05-20",64.98
"2024-05-21",79.81
"2024-05-22",85.84
"2024-05-23",93.87
"2024-05-24",102.19
"2024-05-25",72.26
"2024-05-26",57.93
"2024-05-27",106.88
"2024-05-28",90.75
"2024-05-29",79.18
"2024-05-30",97.45
"2024-05-31",89.22
"2024-06-01",58.95
"2024-06-02",23.24
"2024-06-03",117.14
"2024-06-04",107.23
"2024-06-05",81.72
"2024-06-06",86.37
"2024-06-07",83.15
"2024-06-08",45.97
"2024-06-09",27.26
"2024-06-10",92.65
"2024-06-11",61.63
"2024-06-12",91.19
"2024-06-13",94.78
"2024-06-14",78.4
"2024-06-15",7.64
"2024-06-16",21.4
"2024-06-17",94.34
"2024-06-18",96.2
"2024-06-19",84.31
"2024-06-20",93.8
"2024-06-21",97.14
"2024-06-22",52.22
"2024-06-23",50.05
"2024-06-24",92.09
"2024-06-25",75.6
"2024-06-26",103.01
"2024-06-27",91.79
"2024-06-28",63.05
"2024-06-29",70.55
"2024-06-30",43.77
"2024-07-01",91.89
"2024-07-02",85.68
"2024-07-03",87.62
"2024-07-04",28.1
"2024-07-05",36.99
"2024-07-06",7.36
"2024-07-07",21.65
"2024-07-08",88.42
"2024-07-09",77.69
"2024-07-10",79.01
"2024-07-11",91.27
"2024-07-12",90.6
"2024-07-13",28.69
"2024-07-14",24.38
"2024-07-15",77.67
"2024-07-16",50.3
"2024-07-17",76.38
"2024-07-18",90.74
"2024-07-19",85.9
"2024-07-20",61.99
"2024-07-21",54.33
"2024-07-22",91.23
"2024-07-23",79.51
"2024-07-24",65.86
"2024-07-25",79.28
"2024-07-26",90.95
"2024-07-27",80.83
"2024-07-28",46.02
"2024-07-29",71.62
"2024-07-30",77.24
"2024-07-31",79.4
"2024-08-01",94.87
"2024-08-02",93.81
"2024-08-03",75.29
"2024-08-04",62.09
"2024-08-05",99.86
"2024-08-06",86.98
"2024-08-07",92.91
"2024-08-08",93.15
"2024-08-09",53.32
"2024-08-10",49.85
"2024-08-11",54.72
"2024-08-12",92.06
"2024-08-13",99.74
"2024-08-14",108.01
"2024-08-15",85.53
"2024-08-16",108.04
"2024-08-17",93.24
"2024-08-18",88.24
"2024-08-19",108.2
"2024-08-20",92.11
"2024-08-21",52.62
"2024-08-22",63.04
"2024-08-23",39.12
"2024-08-24",49.81
"2024-08-25",21.86
"2024-08-26",99.59
"2024-08-27",90.9
"2024-08-28",95.92
"2024-08-29",112.91
"2024-08-30",106.64
"2024-08-31",79.05
"2024-09-01",61.65
"2024-09-02",115.07
"2024-09-03",158.39
"2024-09-04",125.84
"2024-09-05",64.42
"2024-09-06",76.13
"2024-09-07",79.42
"2024-09-08",69.0
"2024-09-09",99.73
"2024-09-10",59.04
"2024-09-11",80.94
"2024-09-12",112.34
"2024-09-13",90.81
"2024-09-14",53.83
"2024-09-15",62.13
"2024-09-16",97.47
"2024-09-17",88.89
"2024-09-18",77.98
"2024-09-19",77.87
"2024-09-20",73.37
"2024-09-21",70.02
"2024-09-22",76.18
"2024-09-23",121.36
"2024-09-24",91.77
"2024-09-25",75.14
"2024-09-26",55.0
"2024-09-27",14.76
"2024-09-28",29.07
"2024-09-29",58.35
"2024-09-30",33.32
"2024-10-01",67.84
"2024-10-02",95.86
"2024-10-03",72.66
"2024-10-04",96.13
"2024-10-05",85.93
"2024-10-06",54.9
"2024-10-07",83.72
"2024-10-08",91.32
"2024-10-09",83.07
"2024-10-10",59.73
"2024-10-11",95.2
"2024-10-12",56.37
"2024-10-13",8.11
"2024-10-14",105.59
"2024-10-15",95.0
"2024-10-16",35.08
"2024-10-17",71.52
"2024-10-18",102.27
"2024-10-19",85.52
"2024-10-20",35.51
"2024-10-21",83.04
"2024-10-22",103.01
"2024-10-23",112.0
"2024-10-24",101.68
"2024-10-25",112.72
"2024-10-26",101.72
"2024-10-27",90.33
"2024-10-28",111.35
"2024-10-29",141.18
"2024-10-30",124.69
"2024-10-31",105.79
"2024-11-01",75.06
"2024-11-02",106.76
"2024-11-03",93.43
"2024-11-04",125.87
"2024-11-05",164.78
"2024-11-06",231.09
"2024-11-07",159.62
"2024-11-08",113.39
"2024-11-09",114.47
"2024-11-10",114.17
"2024-11-11",121.77
"2024-11-12",166.12
"2024-11-13",150.09
"2024-11-14",122.02
"2024-11-15",124.17
"2024-11-16",94.36
"2024-11-17",63.48
"2024-11-18",104.59
"2024-11-19",123.99
"2024-11-20",115.03
"2024-11-21",123.32
"2024-11-22",111.3
"2024-11-23",76.02
"2024-11-24",3.97
"2024-11-25",55.01
"2024-11-26",112.75
"2024-11-27",119.99
"2024-11-28",96.07
"2024-11-29",130.25
"2024-11-30",104.24
"2024-12-01",94.59
"2024-12-02",109.15
"2024-12-03",144.07
"2024-12-04",182.47
"2024-12-05",106.2
"2024-12-06",86.37
"2024-12-07",71.51
"2024-12-08",99.07
"2024-12-09",99.59
"2024-12-10",149.93
"2024-12-11",266.54
"2024-12-12",395.34
"2024-12-13",178.47
"2024-12-14",101.23
"2024-12-15",46.85
"2024-12-16",48.67
"2024-12-17",86.3
"2024-12-18",54.97
"2024-12-19",52.03
"2024-12-20",76.37
"2024-12-21",22.14
"2024-12-22",22.93
"2024-12-23",59.1
"2024-12-24",102.49
"2024-12-25",98.63
"2024-12-26",112.89
"2024-12-27",121.71
"2024-12-28",122.64
"2024-12-29",105.28
"2024-12-30",78.16
"2024-12-31",62.1
"2025-01-01",0.95
"2025-01-02",92.91
"2025-01-03",89.94
"2025-01-04",120.79
"2025-01-05",72.24
"2025-01-06",25.16
"2025-01-07",58.29
"2025-01-08",104.53
"2025-01-09",121.53
"2025-01-10",112.43
"2025-01-11",101.89
"2025-01-12",110.07
"2025-01-13",129.2
"2025-01-14",126.82
"2025-01-15",222.18
"2025-01-16",148.1
"2025-01-17",146.32
"2025-01-18",134.15
"2025-01-19",128.72
"2025-01-20",231.36
"2025-01-21",168.46
"2025-01-22",161.45
"2025-01-23",103.94
"2025-01-24",78.9
"2025-01-25",99.33
"2025-01-26",101.46
"2025-01-27",60.17
"2025-01-28",106.37
"2025-01-29",108.13
"2025-01-30",131.53
"2025-01-31",141.02
"2025-02-01",135.45
"2025-02-02",137.13
"2025-02-03",154.51
"2025-02-04",142.42
"2025-02-05",141.77
"2025-02-06",150.09
"2025-02-07",121.18
"2025-02-08",108.81
"2025-02-09",128.42
"2025-02-10",121.84
"2025-02-11",120.01
"2025-02-12",154.32
"2025-02-13",172.12
"2025-02-14",179.14
"2025-02-15",133.66
"2025-02-16",132.65
"2025-02-17",153.42
"2025-02-18",132.45
"2025-02-19",110.83
"2025-02-20",94.95
"2025-02-21",90.8
"2025-02-22",70.32
"2025-02-23",91.04
"2025-02-24",91.05
"2025-02-25",139.76
"2025-02-26",135.7
"2025-02-27",126.03
"2025-02-28",128.77
"2025-03-01",123.65
"2025-03-02",91.12
"2025-03-03",106.45
"2025-03-04",107.77
"2025-03-05",78.55
"2025-03-06",89.82
"2025-03-07",103.99
"2025-03-08",90.69
"2025-03-09",77.21
"2025-03-10",112.86
"2025-03-11",125.3
"2025-03-12",124.87
"2025-03-13",125.14
"2025-03-14",121.23
"2025-03-15",92.92
"2025-03-16",72.03
"2025-03-17",99.11
"2025-03-18",90.14
"2025-03-19",104.39
"2025-03-20",108.3
"2025-03-21",73.52
"2025-03-22",14.96
"2025-03-23",54.96
"2025-03-24",129.88
"2025-03-25",111.78
"2025-03-26",114.53
"2025-03-27",98.97
"2025-03-28",88.34
"2025-03-29",84.51
"2025-03-30",11.68
"2025-03-31",104.4
